--------- beginning of main
10-03 14:32:29.734  1054  1320 D AccessibilitySourceService: a11y source sending 0 issue to sc
10-03 14:32:29.738  5967  6075 I Finsky  : [67] AIM: AppInfoManager-Perf > OnDeviceAppInfo > cacheHitCount=0, cacheMissCount=1. Missed  in cache (limit 10) : [com.ynx.social]
--------- beginning of system
10-03 14:32:29.741   662  1011 D BackgroundInstallControlService: Package event received: 0
10-03 14:32:29.742  5967  6075 I Finsky  : [67] AIM: Got app ownership map. App counts: . Unique apps: 0
10-03 14:32:29.743  5967  6075 E Finsky  : [67] [Counters] attempted to use a non-positive increment for: 4752
10-03 14:32:29.749  5967  5967 I Finsky  : [2] amzt - Received: android.intent.action.PACKAGE_ADDED, [xuF9x3AVYB5EzR8G8ujMcrh33D6asojKcKTJqqUtbOg]
10-03 14:32:29.749  5967  6075 E Finsky  : [67] [Counters] attempted to use a non-positive increment for: 4753
10-03 14:32:29.750   662  1167 E RoleControllerServiceImpl: Default/fallback role holder package doesn't qualify for the role, package: com.google.android.gms, role: android.app.role.WALLET
10-03 14:32:29.752   662   662 D AppSearchAppsIndexerManagerS: userid in package receiver: 10212
10-03 14:32:29.756  5967  5967 I Finsky  : [2] DTU: Received onPackageAdded, replacing: true
10-03 14:32:29.759   662  1346 D SafetySourceDataValidat: No cert check requested for package com.google.android.permissioncontroller
10-03 14:32:29.763  5967 13121 I Finsky  : [368] SCH: Received scheduling request: Id: 12-1, Constraints: [{ L: 15000, D: 86400000, C: CHARGING_NONE, I: IDLE_NONE, N: NET_ANY, B: BATTERY_ANY }]
10-03 14:32:29.765  5967  6075 I Finsky  : [67] AIM: AppInfoManager-Perf > ItemModel > CacheSize=0, cacheHitCount=0, cacheMissCount=1, total appsWithNoServerDataCount=0. Missed  in cache (limit 10) : [com.ynx.social]
10-03 14:32:29.765 13119 13119 D ApplicationLoaders: Returning zygote-cached class loader: /system_ext/framework/androidx.window.extensions.jar
10-03 14:32:29.765 13119 13119 D ApplicationLoaders: Returning zygote-cached class loader: /system_ext/framework/androidx.window.sidecar.jar
10-03 14:32:29.765  1214  1214 D SatelliteController: packageStateChanged: package:com.ynx.social DefaultSmsPackageName:com.google.android.apps.messaging
10-03 14:32:29.765  1214  1214 V SatelliteController: Neither SMS or SatelliteGateway package
10-03 14:32:29.766  1214  1214 D CarrierSvcBindHelper: onHandleForceStop: [com.ynx.social]
10-03 14:32:29.766  1214  1214 D CarrierSvcBindHelper: No carrier app for: 0
10-03 14:32:29.766  1054  1320 D AccessibilitySourceService: enabled a11y services count 0
10-03 14:32:29.766  1054  1320 D AccessibilitySourceService: a11y source sending 0 issue to sc
10-03 14:32:29.766   662  2035 D SafetySourceDataValidat: No cert check requested for package com.google.android.permissioncontroller
10-03 14:32:29.767   662   662 W IPCThreadState: Sending oneway calls to frozen process.
10-03 14:32:29.769   662   662 W IPCThreadState: Sending oneway calls to frozen process.
10-03 14:32:29.769   662   662 W IPCThreadState: Sending oneway calls to frozen process.
10-03 14:32:29.771   662   662 W IPCThreadState: Sending oneway calls to frozen process.
10-03 14:32:29.772   662   662 W IPCThreadState: Sending oneway calls to frozen process.
10-03 14:32:29.772  5967  6075 I Finsky  : [67] AIM: AppInfoManager-Perf > ItemModel > ItemStore Called 1 apps cacheOptions = USE_CACHE
10-03 14:32:29.773  1054  1323 D AccessibilitySourceService: enabled a11y services count 0
10-03 14:32:29.773  1054  1323 D AccessibilitySourceService: a11y source sending 0 issue to sc
10-03 14:32:29.778  5967  6041 I Finsky  : [57] ItemStore: Not cached: com.ynx.social
10-03 14:32:29.779   662  1346 D SafetySourceDataValidat: No cert check requested for package com.google.android.permissioncontroller
10-03 14:32:29.779   662   662 W IPCThreadState: Sending oneway calls to frozen process.
10-03 14:32:29.779   662   662 W IPCThreadState: Sending oneway calls to frozen process.
10-03 14:32:29.779   662   662 W IPCThreadState: Sending oneway calls to frozen process.
10-03 14:32:29.779  5967  6075 I Finsky  : [67] AIM: ItemModel fetch - unauth(1), auth()
10-03 14:32:29.781   662   662 W AlarmManager: Package com.ynx.social, uid 10212 lost permission to set exact alarms!
10-03 14:32:29.788   662   662 W Looper  : Drained
10-03 14:32:29.816   662  1167 I system_server: AssetManager2(0xb4000077d7ea0ff8) locale list changing from [] to [en-US]
10-03 14:32:29.817   662  1167 W SignedPackage: Cannot get ApplicationInfo for package: com.google.android.devicelockcontroller
10-03 14:32:29.823  5967  5967 I Finsky  : [2] amzt - Received: android.intent.action.PACKAGE_ADDED, [xuF9x3AVYB5EzR8G8ujMcrh33D6asojKcKTJqqUtbOg]
10-03 14:32:29.824  5967  6073 I Finsky  : [66] AIM: AppInfoManager-Perf > OnDeviceAppInfo > cacheHitCount=0, cacheMissCount=1. Missed  in cache (limit 10) : [com.ynx.social]
10-03 14:32:29.825  5967  6058 I Finsky  : [61] AIM: Got app ownership map. App counts: . Unique apps: 0
10-03 14:32:29.825  5967  6058 E Finsky  : [61] [Counters] attempted to use a non-positive increment for: 4752
10-03 14:32:29.826  5967  6058 E Finsky  : [61] [Counters] attempted to use a non-positive increment for: 4753
10-03 14:32:29.826  5967  5967 I Finsky  : [2] amzt - Deduping intent android.intent.action.PACKAGE_ADDED
10-03 14:32:29.833  5967  5967 I Finsky  : [2] amzt - Received: android.intent.action.PACKAGE_ADDED, [xuF9x3AVYB5EzR8G8ujMcrh33D6asojKcKTJqqUtbOg]
10-03 14:32:29.835  5967  5967 I Finsky  : [2] amzt - Deduping intent android.intent.action.PACKAGE_ADDED
10-03 14:32:29.835  5967  6017 I Finsky  : [46] RECEIVER_PACKAGE_MONITOR#logWorkEndAndFinishGoAsync: SUCCESS
10-03 14:32:29.836  5967 13133 I Finsky  : [369] Asset module broadcast after update successful for package com.ynx.social.
10-03 14:32:29.837  5967  5967 I Finsky  : [2] Memory trim requested to level 40
10-03 14:32:29.837  5967  5967 I Finsky  : [2] Flushing in-memory image cache
10-03 14:32:29.844  5967  6058 I Finsky  : [61] AIM: AppInfoManager-Perf > ItemModel > CacheSize=0, cacheHitCount=0, cacheMissCount=1, total appsWithNoServerDataCount=0. Missed  in cache (limit 10) : [com.ynx.social]
10-03 14:32:29.844  5967  6058 I Finsky  : [61] AIM: AppInfoManager-Perf > ItemModel > ItemStore Called 1 apps cacheOptions = USE_CACHE
10-03 14:32:29.844  5967  6058 I Finsky  : [61] AIM: ItemModel fetch - unauth(1), auth()
10-03 14:32:29.844  5967  6058 I Finsky  : [61] ItemStore: Not cached: com.ynx.social
10-03 14:32:29.851   662  2176 V SafetySourceDataValidat: Package: com.android.vending has expected signature
10-03 14:32:29.851   662  2176 V SafetySourceDataValidat: Package: com.android.vending has expected signature
10-03 14:32:29.855  6549  6553 W oid.apps.photos: Reducing the number of considered missed Gc histogram windows from 105 to 100
10-03 14:32:29.873  5967  5967 E Finsky  : [2] bvjl failed GRPC call!
10-03 14:32:29.873  5967  5967 E Finsky  : java.lang.UnsupportedOperationException: Unauth not supported in gRPC BrowseService.
10-03 14:32:29.873  5967  5967 E Finsky  : 	at adny.c(PG:201)
10-03 14:32:29.873  5967  5967 E Finsky  : 	at adnw.b(PG:309)
10-03 14:32:29.873  5967  5967 E Finsky  : 	at adnw.a(PG:54)
10-03 14:32:29.873  5967  5967 E Finsky  : 	at cihs.U(PG:15)
10-03 14:32:29.873  5967  5967 E Finsky  : 	at chcd.g(PG:29)
10-03 14:32:29.873  5967  5967 E Finsky  : 	at chcd.h(PG:12)
10-03 14:32:29.873  5967  5967 E Finsky  : 	at adnx.b(PG:37)
10-03 14:32:29.873  5967  5967 E Finsky  : 	at adnx.kJ(PG:23)
10-03 14:32:29.873  5967  5967 E Finsky  : 	at tyi.b(PG:25)
10-03 14:32:29.873  5967  5967 E Finsky  : 	at ciaq.x(PG:5)
10-03 14:32:29.873  5967  5967 E Finsky  : 	at ciib.run(PG:109)
10-03 14:32:29.873  5967  5967 E Finsky  : 	at java.util.concurrent.ThreadPoolExecutor.runWorker(ThreadPoolExecutor.java:1156)
10-03 14:32:29.873  5967  5967 E Finsky  : 	at java.util.concurrent.ThreadPoolExecutor$Worker.run(ThreadPoolExecutor.java:651)
10-03 14:32:29.873  5967  5967 E Finsky  : 	at ule.run(PG:414)
10-03 14:32:29.873  5967  5967 E Finsky  : 	at java.lang.Thread.run(Thread.java:1119)
10-03 14:32:29.874  5967  5967 E Finsky  : [2] bvjl failed GRPC call!
10-03 14:32:29.874  5967  5967 E Finsky  : java.lang.UnsupportedOperationException: Unauth not supported in gRPC BrowseService.
10-03 14:32:29.874  5967  5967 E Finsky  : 	at adny.c(PG:201)
10-03 14:32:29.874  5967  5967 E Finsky  : 	at adnw.b(PG:309)
10-03 14:32:29.874  5967  5967 E Finsky  : 	at adnw.a(PG:54)
10-03 14:32:29.874  5967  5967 E Finsky  : 	at cihs.U(PG:15)
10-03 14:32:29.874  5967  5967 E Finsky  : 	at chcd.g(PG:29)
10-03 14:32:29.874  5967  5967 E Finsky  : 	at chcd.h(PG:12)
10-03 14:32:29.874  5967  5967 E Finsky  : 	at adnx.b(PG:37)
10-03 14:32:29.874  5967  5967 E Finsky  : 	at adnx.kJ(PG:23)
10-03 14:32:29.874  5967  5967 E Finsky  : 	at tyi.b(PG:25)
10-03 14:32:29.874  5967  5967 E Finsky  : 	at ciaq.x(PG:5)
10-03 14:32:29.874  5967  5967 E Finsky  : 	at ciib.run(PG:109)
10-03 14:32:29.874  5967  5967 E Finsky  : 	at java.util.concurrent.ThreadPoolExecutor.runWorker(ThreadPoolExecutor.java:1156)
10-03 14:32:29.874  5967  5967 E Finsky  : 	at java.util.concurrent.ThreadPoolExecutor$Worker.run(ThreadPoolExecutor.java:651)
10-03 14:32:29.874  5967  5967 E Finsky  : 	at ule.run(PG:414)
10-03 14:32:29.874  5967  5967 E Finsky  : 	at java.lang.Thread.run(Thread.java:1119)
10-03 14:32:29.875  1651  1651 W MediaProvider: WorkProfileOwnerApps cache is empty
10-03 14:32:29.875  1651  1651 D PickerSyncLockManager: Trying to acquire lock com.android.providers.media.photopicker.sync.CloseableReentrantLock@5fc8893[Unlocked]. Lock Name = CLOUD_PROVIDER_LOCK. Threads that may be waiting to acquire this lock = []
10-03 14:32:29.875  1651  1651 D CloseableReentrantLock: Successfully acquired lock com.android.providers.media.photopicker.sync.CloseableReentrantLock@5fc8893[Locked by thread main]. Lock Name = CLOUD_PROVIDER_LOCK. Threads that may be waiting to acquire this lock = []
10-03 14:32:29.875  1651  1651 D CloseableReentrantLock: Successfully released lock com.android.providers.media.photopicker.sync.CloseableReentrantLock@5fc8893[Unlocked]. Lock Name = CLOUD_PROVIDER_LOCK. Threads that may be waiting to acquire this lock = []
10-03 14:32:29.876  1680  1680 I fiis    : (REDACTED) O received %s
10-03 14:32:29.876  5967  6075 E Finsky  : [67] ItemStore: getItems RPC failed for item com.ynx.social
10-03 14:32:29.877  5967  6058 E Finsky  : [61] ItemStore: getItems RPC failed for item com.ynx.social
10-03 14:32:29.885  1680  1680 I fiis    : (REDACTED) O received %s
10-03 14:32:29.888  1680  1680 I fiis    : (REDACTED) O received %s
10-03 14:32:29.891  1680  1991 W ejzw    : Failed to notify listeners
10-03 14:32:29.891  1680  1991 W ejzw    : java.util.concurrent.CancellationException
10-03 14:32:29.891  1680  1991 W ejzw    : 	at java.util.concurrent.FutureTask.report(FutureTask.java:121)
10-03 14:32:29.891  1680  1991 W ejzw    : 	at java.util.concurrent.FutureTask.get(FutureTask.java:191)
10-03 14:32:29.891  1680  1991 W ejzw    : 	at fvgs.get(PG:1)
10-03 14:32:29.891  1680  1991 W ejzw    : 	at b.cc(PG:2)
10-03 14:32:29.891  1680  1991 W ejzw    : 	at fvip.y(PG:10)
10-03 14:32:29.891  1680  1991 W ejzw    : 	at fvgx.run(PG:23)
10-03 14:32:29.891  1680  1991 W ejzw    : 	at fvgd.execute(PG:1)
10-03 14:32:29.891  1680  1991 W ejzw    : 	at fvgh.c(PG:1)
10-03 14:32:29.891  1680  1991 W ejzw    : 	at fvgh.b(PG:32)
10-03 14:32:29.891  1680  1991 W ejzw    : 	at fvhr.done(PG:3)
10-03 14:32:29.891  1680  1991 W ejzw    : 	at java.util.concurrent.FutureTask.finishCompletion(FutureTask.java:434)
10-03 14:32:29.891  1680  1991 W ejzw    : 	at java.util.concurrent.FutureTask.cancel(FutureTask.java:179)
10-03 14:32:29.891  1680  1991 W ejzw    : 	at fvgs.cancel(PG:5)
10-03 14:32:29.891  1680  1991 W ejzw    : 	at ejzp.run(PG:14)
10-03 14:32:29.891  1680  1991 W ejzw    : 	at fkqv.run(PG:24)
10-03 14:32:29.891  1680  1991 W ejzw    : 	at java.util.concurrent.Executors$RunnableAdapter.call(Executors.java:524)
10-03 14:32:29.891  1680  1991 W ejzw    : 	at fvim.a(PG:3)
10-03 14:32:29.891  1680  1991 W ejzw    : 	at fvho.run(PG:19)
10-03 14:32:29.891  1680  1991 W ejzw    : 	at fvin.run(PG:5)
10-03 14:32:29.891  1680  1991 W ejzw    : 	at dpnc.run(PG:7)
10-03 14:32:29.891  1680  1991 W ejzw    : 	at ftuu.run(PG:44)
10-03 14:32:29.891  1680  1991 W ejzw    : 	at dpmt.run(PG:42)
10-03 14:32:29.891  1680  1991 W ejzw    : 	at java.lang.Thread.run(Thread.java:1119)
10-03 14:32:29.891  1680  1991 W ejzw    : 	at dpof.run(PG:62)
10-03 14:32:29.896   662  1346 D ActivityManager: sync unfroze 6400 com.google.android.googlequicksearchbox:search for 6
10-03 14:32:29.900   662  1011 D BackgroundInstallControlService: Package event received: 0
10-03 14:32:29.903  6400  6400 D ActivityThread: Package [com.ynx.social] reported as REPLACED, but missing application info. Assuming REMOVED.
10-03 14:32:29.903  6400  6400 D ActivityThread: Package [com.ynx.social] reported as REPLACED, but missing application info. Assuming REMOVED.
10-03 14:32:29.911   662   673 I system_server: Background concurrent mark compact GC freed 25MB AllocSpace bytes, 56(1812KB) LOS objects, 43% free, 31MB/55MB, paused 726us,2.211ms total 178.907ms
10-03 14:32:29.921  6400  6434 W adua    : Abort, client detached.
10-03 14:32:29.921  6400  6434 W adua    : Abort, client detached.
10-03 14:32:29.921  6400  6434 W adua    : Abort, client detached.
10-03 14:32:29.924  6661 13156 I AppBackupStateCleanupIO: Backup state cleanup on uninstall is disabled. [CONTEXT service_id=229 ]
10-03 14:32:29.925  6661 13155 I FraudProtectUtils: Not in testing population, skipping local test bank apps. [CONTEXT service_id=469 ]
10-03 14:32:29.925  6661 13155 I FraudProtectUtils: (REDACTED) Latest bank app list size: %d, %s isBankApp: false
10-03 14:32:29.925  6661 13155 I PackageInstallIntentOp: (REDACTED) Package %s is not a bank app. Skipping updates.
10-03 14:32:29.926  6661 13149 I gle.android.gms: AssetManager2(0xb4000077d7e4cd18) locale list changing from [] to [en-US]
10-03 14:32:29.927  6661 13151 I Fitness : (REDACTED) FitCleanupIntentOperation received Intent %s
10-03 14:32:29.930   662   675 W System  : A resource failed to call close. 
10-03 14:32:29.932  6661  6661 D BoundBrokerSvc: onRebind: Intent { act=com.google.android.gms.auth.aang.events.services.START dat=chimera-action:/... xflg=0x4 cmp=com.google.android.gms/.chimera.PersistentApiService }
10-03 14:32:29.933  6661 13146 I ProximityAuth: [RecentAppsMediator] Package added: (user=UserHandle{0}) com.ynx.social
10-03 14:32:29.934  6661 13146 I gle.android.gms: AssetManager2(0xb4000077d7e59e78) locale list changing from [] to [en-US]
10-03 14:32:29.937  1051  1063 I ndroid.systemui: Background concurrent mark compact GC freed 17MB AllocSpace bytes, 94(1880KB) LOS objects, 49% free, 20MB/40MB, paused 212us,613us total 566.613ms
10-03 14:32:29.938   662  2176 W UriGrantsManagerService: No permission grants found for com.google.android.apps.photos
10-03 14:32:29.939  6661 13162 I Auth    : (REDACTED) [SupervisedAccountIntentOperation] onHandleIntent: %s
10-03 14:32:29.939   662  2176 W UriGrantsManagerService: No permission grants found for com.google.android.apps.photos
10-03 14:32:29.939  6661 13162 I FraudProtectUtils: Not in testing population, skipping local test bank apps. [CONTEXT service_id=469 ]
10-03 14:32:29.939  6661 13162 I FraudProtectUtils: (REDACTED) Latest bank app list size: %d, %s isBankApp: false
10-03 14:32:29.939  6661 13162 I PackageInstallIntentOp: (REDACTED) Package %s is not a bank app. Skipping updates.
10-03 14:32:29.940  6661 13157 W AppInstallOperation: FDL Migration::InstallIntentOperation by FDL Module [CONTEXT service_id=77 ]
10-03 14:32:29.940  6661 13165 I NearbyDiscovery: (REDACTED) processGrantSlicePermission: %s
10-03 14:32:29.952   662   675 W System  : A resource failed to call release. 
10-03 14:32:29.953  6661 13155 W SQLiteLog: (28) double-quoted string literal: "com.ynx.social"
10-03 14:32:29.962  6661  6661 D BoundBrokerSvc: onBind: Intent { act=com.google.android.gms.common.BIND_SHARED_PREFS xflg=0x4 pkg=com.google.android.gms }
10-03 14:32:29.962  6661  6661 D BoundBrokerSvc: Loading bound service for intent: Intent { act=com.google.android.gms.common.BIND_SHARED_PREFS xflg=0x4 pkg=com.google.android.gms }
10-03 14:32:29.963  1051  1065 W System  : A resource failed to call release. 
10-03 14:32:29.963  1051  1065 W System  : A resource failed to call release. 
10-03 14:32:29.963  1051  1065 W System  : A resource failed to call release. 
10-03 14:32:29.963  1051  1065 W System  : A resource failed to call release. 
10-03 14:32:29.966   662   675 W System  : A resource failed to call release. 
10-03 14:32:29.968   662   677 W UriGrantsManagerService: No permission grants found for com.google.android.apps.photos
10-03 14:32:29.969   662  2176 W UriGrantsManagerService: No permission grants found for com.google.android.apps.photos
10-03 14:32:29.977   662  2176 W UriGrantsManagerService: No permission grants found for com.google.android.apps.photos
10-03 14:32:29.979   662  2361 W UriGrantsManagerService: No permission grants found for com.google.android.apps.photos
10-03 14:32:29.985  6661  6661 D BoundBrokerSvc: onBind: Intent { act=com.google.android.gms.feedback.internal.IFeedbackService dat=chimera-action:/... xflg=0x4 cmp=com.google.android.gms/.chimera.GmsBoundBrokerService }
10-03 14:32:29.986  6661  6661 D BoundBrokerSvc: Loading bound service for intent: Intent { act=com.google.android.gms.feedback.internal.IFeedbackService dat=chimera-action:/... xflg=0x4 cmp=com.google.android.gms/.chimera.GmsBoundBrokerService }
10-03 14:32:29.988  6661 13170 W Bundle  : Key identifier expected com.google.firebase.appindexing.internal.Thing[] but value was of a different type.  The default value <null> was returned.
10-03 14:32:29.988  6661 13170 W Bundle  : Attempt to cast generated internal exception:
10-03 14:32:29.988  6661 13170 W Bundle  : java.lang.ClassCastException: Cannot cast [Ljava.lang.String; to [Landroid.os.Parcelable;
10-03 14:32:29.988  6661 13170 W Bundle  : 	at java.lang.Class.cast(Class.java:4183)
10-03 14:32:29.988  6661 13170 W Bundle  : 	at android.os.BaseBundle.getValueAt(BaseBundle.java:435)
10-03 14:32:29.988  6661 13170 W Bundle  : 	at android.os.BaseBundle.getValue(BaseBundle.java:397)
10-03 14:32:29.988  6661 13170 W Bundle  : 	at android.os.Bundle.getParcelableArray(Bundle.java:1188)
10-03 14:32:29.988  6661 13170 W Bundle  : 	at mii.a(:com.google.android.gms@263635035@26.36.35 (260400-991383798):1)
10-03 14:32:29.988  6661 13170 W Bundle  : 	at com.google.firebase.appindexing.internal.Thing.h(:com.google.android.gms@263635035@26.36.35 (260400-991383798):5)
10-03 14:32:29.988  6661 13170 W Bundle  : 	at cszf.g(:com.google.android.gms@263635035@26.36.35 (260400-991383798):582)
10-03 14:32:29.988  6661 13170 W Bundle  : 	at cszf.c(:com.google.android.gms@263635035@26.36.35 (260400-991383798):54)
10-03 14:32:29.988  6661 13170 W Bundle  : 	at csyy.i(:com.google.android.gms@263635035@26.36.35 (260400-991383798):8)
10-03 14:32:29.988  6661 13170 W Bundle  : 	at csxp.a(:com.google.android.gms@263635035@26.36.35 (260400-991383798):19)
10-03 14:32:29.988  6661 13170 W Bundle  : 	at csza.f(:com.google.android.gms@263635035@26.36.35 (260400-991383798):26)
10-03 14:32:29.988  6661 13170 W Bundle  : 	at csxp.g(:com.google.android.gms@263635035@26.36.35 (260400-991383798):3)
10-03 14:32:29.988  6661 13170 W Bundle  : 	at csxw.a(:com.google.android.gms@263635035@26.36.35 (260400-991383798):10)
10-03 14:32:29.988  6661 13170 W Bundle  : 	at ctft.k(:com.google.android.gms@263635035@26.36.35 (260400-991383798):103)
10-03 14:32:29.988  6661 13170 W Bundle  : 	at ctfq.run(:com.google.android.gms@263635035@26.36.35 (260400-991383798):71)
10-03 14:32:29.988  6661 13170 W Bundle  : 	at java.util.concurrent.Executors$RunnableAdapter.call(Executors.java:524)
10-03 14:32:29.988  6661 13170 W Bundle  : 	at java.util.concurrent.FutureTask.run(FutureTask.java:317)
10-03 14:32:29.988  6661 13170 W Bundle  : 	at bpzc.d(:com.google.android.gms@263635035@26.36.35 (260400-991383798):50)
10-03 14:32:29.988  6661 13170 W Bundle  : 	at bpzc.c(:com.google.android.gms@263635035@26.36.35 (260400-991383798):6)
10-03 14:32:29.988  6661 13170 W Bundle  : 	at bpzc.run(:com.google.android.gms@263635035@26.36.35 (260400-991383798):33)
10-03 14:32:29.988  6661 13170 W Bundle  : 	at java.util.concurrent.ThreadPoolExecutor.runWorker(ThreadPoolExecutor.java:1156)
10-03 14:32:29.988  6661 13170 W Bundle  : 	at java.util.concurrent.ThreadPoolExecutor$Worker.run(ThreadPoolExecutor.java:651)
10-03 14:32:29.988  6661 13170 W Bundle  : 	at bqfe.run(:com.google.android.gms@263635035@26.36.35 (260400-991383798):8)
10-03 14:32:29.988  6661 13170 W Bundle  : 	at java.lang.Thread.run(Thread.java:1119)
10-03 14:32:29.988  6661 13170 W Bundle  : Key name expected com.google.firebase.appindexing.internal.Thing[] but value was of a different type.  The default value <null> was returned.
10-03 14:32:29.988  6661 13170 W Bundle  : Attempt to cast generated internal exception:
10-03 14:32:29.988  6661 13170 W Bundle  : java.lang.ClassCastException: Cannot cast [Ljava.lang.String; to [Landroid.os.Parcelable;
10-03 14:32:29.988  6661 13170 W Bundle  : 	at java.lang.Class.cast(Class.java:4183)
10-03 14:32:29.988  6661 13170 W Bundle  : 	at android.os.BaseBundle.getValueAt(BaseBundle.java:435)
10-03 14:32:29.988  6661 13170 W Bundle  : 	at android.os.BaseBundle.getValue(BaseBundle.java:397)
10-03 14:32:29.988  6661 13170 W Bundle  : 	at android.os.Bundle.getParcelableArray(Bundle.java:1188)
10-03 14:32:29.988  6661 13170 W Bundle  : 	at mii.a(:com.google.android.gms@263635035@26.36.35 (260400-991383798):1)
10-03 14:32:29.988  6661 13170 W Bundle  : 	at com.google.firebase.appindexing.internal.Thing.h(:com.google.android.gms@263635035@26.36.35 (260400-991383798):5)
10-03 14:32:29.988  6661 13170 W Bundle  : 	at cszf.g(:com.google.android.gms@263635035@26.36.35 (260400-991383798):582)
10-03 14:32:29.988  6661 13170 W Bundle  : 	at cszf.c(:com.google.android.gms@263635035@26.36.35 (260400-991383798):54)
10-03 14:32:29.988  6661 13170 W Bundle  : 	at csyy.i(:com.google.android.gms@263635035@26.36.35 (260400-991383798):8)
10-03 14:32:29.988  6661 13170 W Bundle  : 	at csxp.a(:com.google.android.gms@263635035@26.36.35 (260400-991383798):19)
10-03 14:32:29.988  6661 13170 W Bundle  : 	at csza.f(:com.google.android.gms@263635035@26.36.35 (260400-991383798):26)
10-03 14:32:29.988  6661 13170 W Bundle  : 	at csxp.g(:com.google.android.gms@263635035@26.36.35 (260400-991383798):3)
10-03 14:32:29.988  6661 13170 W Bundle  : 	at csxw.a(:com.google.android.gms@263635035@26.36.35 (260400-991383798):10)
10-03 14:32:29.988  6661 13170 W Bundle  : 	at ctft.k(:com.google.android.gms@263635035@26.36.35 (260400-991383798):103)
10-03 14:32:29.988  6661 13170 W Bundle  : 	at ctfq.run(:com.google.android.gms@263635035@26.36.35 (260400-991383798):71)
10-03 14:32:29.988  6661 13170 W Bundle  : 	at java.util.concurrent.Executors$RunnableAdapter.call(Executors.java:524)
10-03 14:32:29.988  6661 13170 W Bundle  : 	at java.util.concurrent.FutureTask.run(FutureTask.java:317)
10-03 14:32:29.988  6661 13170 W Bundle  : 	at bpzc.d(:com.google.android.gms@263635035@26.36.35 (260400-991383798):50)
10-03 14:32:29.988  6661 13170 W Bundle  : 	at bpzc.c(:com.google.android.gms@263635035@26.36.35 (260400-991383798):6)
10-03 14:32:29.988  6661 13170 W Bundle  : 	at bpzc.run(:com.google.android.gms@263635035@26.36.35 (260400-991383798):33)
10-03 14:32:29.988  6661 13170 W Bundle  : 	at java.util.concurrent.ThreadPoolExecutor.runWorker(ThreadPoolExecutor.java:1156)
10-03 14:32:29.988  6661 13170 W Bundle  : 	at java.util.concurrent.ThreadPoolExecutor$Worker.run(ThreadPoolExecutor.java:651)
10-03 14:32:29.988  6661 13170 W Bundle  : 	at bqfe.run(:com.google.android.gms@263635035@26.36.35 (260400-991383798):8)
10-03 14:32:29.988  6661 13170 W Bundle  : 	at java.lang.Thread.run(Thread.java:1119)
10-03 14:32:29.988  6661 13170 W Bundle  : Key image expected com.google.firebase.appindexing.internal.Thing[] but value was of a different type.  The default value <null> was returned.
10-03 14:32:29.988  6661 13170 W Bundle  : Attempt to cast generated internal exception:
10-03 14:32:29.988  6661 13170 W Bundle  : java.lang.ClassCastException: Cannot cast [Ljava.lang.String; to [Landroid.os.Parcelable;
10-03 14:32:29.988  6661 13170 W Bundle  : 	at java.lang.Class.cast(Class.java:4183)
10-03 14:32:29.988  6661 13170 W Bundle  : 	at android.os.BaseBundle.getValueAt(BaseBundle.java:435)
10-03 14:32:29.988  6661 13170 W Bundle  : 	at android.os.BaseBundle.getValue(BaseBundle.java:397)
10-03 14:32:29.988  6661 13170 W Bundle  : 	at android.os.Bundle.getParcelableArray(Bundle.java:1188)
10-03 14:32:29.988  6661 13170 W Bundle  : 	at mii.a(:com.google.android.gms@263635035@26.36.35 (260400-991383798):1)
10-03 14:32:29.988  6661 13170 W Bundle  : 	at com.google.firebase.appindexing.internal.Thing.h(:com.google.android.gms@263635035@26.36.35 (260400-991383798):5)
10-03 14:32:29.988  6661 13170 W Bundle  : 	at cszf.g(:com.google.android.gms@263635035@26.36.35 (260400-991383798):582)
10-03 14:32:29.988  6661 13170 W Bundle  : 	at cszf.c(:com.google.android.gms@263635035@26.36.35 (260400-991383798):54)
10-03 14:32:29.988  6661 13170 W Bundle  : 	at csyy.i(:com.google.android.gms@263635035@26.36.35 (260400-991383798):8)
10-03 14:32:29.988  6661 13170 W Bundle  : 	at csxp.a(:com.google.android.gms@263635035@26.36.35 (260400-991383798):19)
10-03 14:32:29.988  6661 13170 W Bundle  : 	at csza.f(:com.google.android.gms@263635035@26.36.35 (260400-991383798):26)
10-03 14:32:29.988  6661 13170 W Bundle  : 	at csxp.g(:com.google.android.gms@263635035@26.36.35 (260400-991383798):3)
10-03 14:32:29.988  6661 13170 W Bundle  : 	at csxw.a(:com.google.android.gms@263635035@26.36.35 (260400-991383798):10)
10-03 14:32:29.988  6661 13170 W Bundle  : 	at ctft.k(:com.google.android.gms@263635035@26.36.35 (260400-991383798):103)
10-03 14:32:29.988  6661 13170 W Bundle  : 	at ctfq.run(:com.google.android.gms@263635035@26.36.35 (260400-991383798):71)
10-03 14:32:29.988  6661 13170 W Bundle  : 	at java.util.concurrent.Executors$RunnableAdapter.call(Executors.java:524)
10-03 14:32:29.988  6661 13170 W Bundle  : 	at java.util.concurrent.FutureTask.run(FutureTask.java:317)
10-03 14:32:29.988  6661 13170 W Bundle  : 	at bpzc.d(:com.google.android.gms@263635035@26.36.35 (260400-991383798):50)
10-03 14:32:29.988  6661 13170 W Bundle  : 	at bpzc.c(:com.google.android.gms@263635035@26.36.35 (260400-991383798):6)
10-03 14:32:29.988  6661 13170 W Bundle  : 	at bpzc.run(:com.google.android.gms@263635035@26.36.35 (260400-991383798):33)
10-03 14:32:29.988  6661 13170 W Bundle  : 	at java.util.concurrent.ThreadPoolExecutor.runWorker(ThreadPoolExecutor.java:1156)
10-03 14:32:29.988  6661 13170 W Bundle  : 	at java.util.concurrent.ThreadPoolExecutor$Worker.run(ThreadPoolExecutor.java:651)
10-03 14:32:29.988  6661 13170 W Bundle  : 	at bqfe.run(:com.google.android.gms@263635035@26.36.35 (260400-991383798):8)
10-03 14:32:29.988  6661 13170 W Bundle  : 	at java.lang.Thread.run(Thread.java:1119)
10-03 14:32:29.988  6661 13170 W Bundle  : Key dateModified expected com.google.firebase.appindexing.internal.Thing[] but value was of a different type.  The default value <null> was returned.
10-03 14:32:29.988  6661 13170 W Bundle  : Attempt to cast generated internal exception:
10-03 14:32:29.988  6661 13170 W Bundle  : java.lang.ClassCastException: Cannot cast [J to [Landroid.os.Parcelable;
10-03 14:32:29.988  6661 13170 W Bundle  : 	at java.lang.Class.cast(Class.java:4183)
10-03 14:32:29.988  6661 13170 W Bundle  : 	at android.os.BaseBundle.getValueAt(BaseBundle.java:435)
10-03 14:32:29.988  6661 13170 W Bundle  : 	at android.os.BaseBundle.getValue(BaseBundle.java:397)
10-03 14:32:29.988  6661 13170 W Bundle  : 	at android.os.Bundle.getParcelableArray(Bundle.java:1188)
10-03 14:32:29.988  6661 13170 W Bundle  : 	at mii.a(:com.google.android.gms@263635035@26.36.35 (260400-991383798):1)
10-03 14:32:29.988  6661 13170 W Bundle  : 	at com.google.firebase.appindexing.internal.Thing.h(:com.google.android.gms@263635035@26.36.35 (260400-991383798):5)
10-03 14:32:29.988  6661 13170 W Bundle  : 	at cszf.g(:com.google.android.gms@263635035@26.36.35 (260400-991383798):582)
10-03 14:32:29.988  6661 13170 W Bundle  : 	at cszf.c(:com.google.android.gms@263635035@26.36.35 (260400-991383798):54)
10-03 14:32:29.988  6661 13170 W Bundle  : 	at csyy.i(:com.google.android.gms@263635035@26.36.35 (260400-991383798):8)
10-03 14:32:29.988  6661 13170 W Bundle  : 	at csxp.a(:com.google.android.gms@263635035@26.36.35 (260400-991383798):19)
10-03 14:32:29.988  6661 13170 W Bundle  : 	at csza.f(:com.google.android.gms@263635035@26.36.35 (260400-991383798):26)
10-03 14:32:29.988  6661 13170 W Bundle  : 	at csxp.g(:com.google.android.gms@263635035@26.36.35 (260400-991383798):3)
10-03 14:32:29.988  6661 13170 W Bundle  : 	at csxw.a(:com.google.android.gms@263635035@26.36.35 (260400-991383798):10)
10-03 14:32:29.988  6661 13170 W Bundle  : 	at ctft.k(:com.google.android.gms@263635035@26.36.35 (260400-991383798):103)
10-03 14:32:29.988  6661 13170 W Bundle  : 	at ctfq.run(:com.google.android.gms@263635035@26.36.35 (260400-991383798):71)
10-03 14:32:29.988  6661 13170 W Bundle  : 	at java.util.concurrent.Executors$RunnableAdapter.call(Executors.java:524)
10-03 14:32:29.988  6661 13170 W Bundle  : 	at java.util.concurrent.FutureTask.run(FutureTask.java:317)
10-03 14:32:29.988  6661 13170 W Bundle  : 	at bpzc.d(:com.google.android.gms@263635035@26.36.35 (260400-991383798):50)
10-03 14:32:29.988  6661 13170 W Bundle  : 	at bpzc.c(:com.google.android.gms@263635035@26.36.35 (260400-991383798):6)
10-03 14:32:29.988  6661 13170 W Bundle  : 	at bpzc.run(:com.google.android.gms@263635035@26.36.35 (260400-991383798):33)
10-03 14:32:29.988  6661 13170 W Bundle  : 	at java.util.concurrent.ThreadPoolExecutor.runWorker(ThreadPoolExecutor.java:1156)
10-03 14:32:29.988  6661 13170 W Bundle  : 	at java.util.concurrent.ThreadPoolExecutor$Worker.run(ThreadPoolExecutor.java:651)
10-03 14:32:29.988  6661 13170 W Bundle  : 	at bqfe.run(:com.google.android.gms@263635035@26.36.35 (260400-991383798):8)
10-03 14:32:29.988  6661 13170 W Bundle  : 	at java.lang.Thread.run(Thread.java:1119)
10-03 14:32:30.007  6661 10735 W Bundle  : Key identifier expected com.google.firebase.appindexing.internal.Thing[] but value was of a different type.  The default value <null> was returned.
10-03 14:32:30.007  6661 10735 W Bundle  : Attempt to cast generated internal exception:
10-03 14:32:30.007  6661 10735 W Bundle  : java.lang.ClassCastException: Cannot cast [Ljava.lang.String; to [Landroid.os.Parcelable;
10-03 14:32:30.007  6661 10735 W Bundle  : 	at java.lang.Class.cast(Class.java:4183)
10-03 14:32:30.007  6661 10735 W Bundle  : 	at android.os.BaseBundle.getValueAt(BaseBundle.java:435)
10-03 14:32:30.007  6661 10735 W Bundle  : 	at android.os.BaseBundle.getValue(BaseBundle.java:397)
10-03 14:32:30.007  6661 10735 W Bundle  : 	at android.os.Bundle.getParcelableArray(Bundle.java:1188)
10-03 14:32:30.007  6661 10735 W Bundle  : 	at mii.a(:com.google.android.gms@263635035@26.36.35 (260400-991383798):1)
10-03 14:32:30.007  6661 10735 W Bundle  : 	at com.google.firebase.appindexing.internal.Thing.h(:com.google.android.gms@263635035@26.36.35 (260400-991383798):5)
10-03 14:32:30.007  6661 10735 W Bundle  : 	at cszf.g(:com.google.android.gms@263635035@26.36.35 (260400-991383798):582)
10-03 14:32:30.007  6661 10735 W Bundle  : 	at cszf.c(:com.google.android.gms@263635035@26.36.35 (260400-991383798):54)
10-03 14:32:30.007  6661 10735 W Bundle  : 	at csyy.i(:com.google.android.gms@263635035@26.36.35 (260400-991383798):8)
10-03 14:32:30.007  6661 10735 W Bundle  : 	at csxp.a(:com.google.android.gms@263635035@26.36.35 (260400-991383798):19)
10-03 14:32:30.007  6661 10735 W Bundle  : 	at csza.f(:com.google.android.gms@263635035@26.36.35 (260400-991383798):26)
10-03 14:32:30.007  6661 10735 W Bundle  : 	at csxp.g(:com.google.android.gms@263635035@26.36.35 (260400-991383798):3)
10-03 14:32:30.007  6661 10735 W Bundle  : 	at csxw.a(:com.google.android.gms@263635035@26.36.35 (260400-991383798):10)
10-03 14:32:30.007  6661 10735 W Bundle  : 	at ctft.k(:com.google.android.gms@263635035@26.36.35 (260400-991383798):103)
10-03 14:32:30.007  6661 10735 W Bundle  : 	at ctfq.run(:com.google.android.gms@263635035@26.36.35 (260400-991383798):71)
10-03 14:32:30.007  6661 10735 W Bundle  : 	at java.util.concurrent.Executors$RunnableAdapter.call(Executors.java:524)
10-03 14:32:30.007  6661 10735 W Bundle  : 	at java.util.concurrent.FutureTask.run(FutureTask.java:317)
10-03 14:32:30.007  6661 10735 W Bundle  : 	at bpzc.d(:com.google.android.gms@263635035@26.36.35 (260400-991383798):50)
10-03 14:32:30.007  6661 10735 W Bundle  : 	at bpzc.c(:com.google.android.gms@263635035@26.36.35 (260400-991383798):6)
10-03 14:32:30.007  6661 10735 W Bundle  : 	at bpzc.run(:com.google.android.gms@263635035@26.36.35 (260400-991383798):33)
10-03 14:32:30.007  6661 10735 W Bundle  : 	at java.util.concurrent.ThreadPoolExecutor.runWorker(ThreadPoolExecutor.java:1156)
10-03 14:32:30.007  6661 10735 W Bundle  : 	at java.util.concurrent.ThreadPoolExecutor$Worker.run(ThreadPoolExecutor.java:651)
10-03 14:32:30.007  6661 10735 W Bundle  : 	at bqfe.run(:com.google.android.gms@263635035@26.36.35 (260400-991383798):8)
10-03 14:32:30.007  6661 10735 W Bundle  : 	at java.lang.Thread.run(Thread.java:1119)
10-03 14:32:30.007  6661 10735 W Bundle  : Key name expected com.google.firebase.appindexing.internal.Thing[] but value was of a different type.  The default value <null> was returned.
10-03 14:32:30.007  6661 10735 W Bundle  : Attempt to cast generated internal exception:
10-03 14:32:30.007  6661 10735 W Bundle  : java.lang.ClassCastException: Cannot cast [Ljava.lang.String; to [Landroid.os.Parcelable;
10-03 14:32:30.007  6661 10735 W Bundle  : 	at java.lang.Class.cast(Class.java:4183)
10-03 14:32:30.007  6661 10735 W Bundle  : 	at android.os.BaseBundle.getValueAt(BaseBundle.java:435)
10-03 14:32:30.007  6661 10735 W Bundle  : 	at android.os.BaseBundle.getValue(BaseBundle.java:397)
10-03 14:32:30.007  6661 10735 W Bundle  : 	at android.os.Bundle.getParcelableArray(Bundle.java:1188)
10-03 14:32:30.007  6661 10735 W Bundle  : 	at mii.a(:com.google.android.gms@263635035@26.36.35 (260400-991383798):1)
10-03 14:32:30.007  6661 10735 W Bundle  : 	at com.google.firebase.appindexing.internal.Thing.h(:com.google.android.gms@263635035@26.36.35 (260400-991383798):5)
10-03 14:32:30.007  6661 10735 W Bundle  : 	at cszf.g(:com.google.android.gms@263635035@26.36.35 (260400-991383798):582)
10-03 14:32:30.007  6661 10735 W Bundle  : 	at cszf.c(:com.google.android.gms@263635035@26.36.35 (260400-991383798):54)
10-03 14:32:30.007  6661 10735 W Bundle  : 	at csyy.i(:com.google.android.gms@263635035@26.36.35 (260400-991383798):8)
10-03 14:32:30.007  6661 10735 W Bundle  : 	at csxp.a(:com.google.android.gms@263635035@26.36.35 (260400-991383798):19)
10-03 14:32:30.007  6661 10735 W Bundle  : 	at csza.f(:com.google.android.gms@263635035@26.36.35 (260400-991383798):26)
10-03 14:32:30.007  6661 10735 W Bundle  : 	at csxp.g(:com.google.android.gms@263635035@26.36.35 (260400-991383798):3)
10-03 14:32:30.007  6661 10735 W Bundle  : 	at csxw.a(:com.google.android.gms@263635035@26.36.35 (260400-991383798):10)
10-03 14:32:30.007  6661 10735 W Bundle  : 	at ctft.k(:com.google.android.gms@263635035@26.36.35 (260400-991383798):103)
10-03 14:32:30.007  6661 10735 W Bundle  : 	at ctfq.run(:com.google.android.gms@263635035@26.36.35 (260400-991383798):71)
10-03 14:32:30.007  6661 10735 W Bundle  : 	at java.util.concurrent.Executors$RunnableAdapter.call(Executors.java:524)
10-03 14:32:30.007  6661 10735 W Bundle  : 	at java.util.concurrent.FutureTask.run(FutureTask.java:317)
10-03 14:32:30.007  6661 10735 W Bundle  : 	at bpzc.d(:com.google.android.gms@263635035@26.36.35 (260400-991383798):50)
10-03 14:32:30.007  6661 10735 W Bundle  : 	at bpzc.c(:com.google.android.gms@263635035@26.36.35 (260400-991383798):6)
10-03 14:32:30.007  6661 10735 W Bundle  : 	at bpzc.run(:com.google.android.gms@263635035@26.36.35 (260400-991383798):33)
10-03 14:32:30.007  6661 10735 W Bundle  : 	at java.util.concurrent.ThreadPoolExecutor.runWorker(ThreadPoolExecutor.java:1156)
10-03 14:32:30.007  6661 10735 W Bundle  : 	at java.util.concurrent.ThreadPoolExecutor$Worker.run(ThreadPoolExecutor.java:651)
10-03 14:32:30.007  6661 10735 W Bundle  : 	at bqfe.run(:com.google.android.gms@263635035@26.36.35 (260400-991383798):8)
10-03 14:32:30.007  6661 10735 W Bundle  : 	at java.lang.Thread.run(Thread.java:1119)
10-03 14:32:30.007  6661 10735 W Bundle  : Key image expected com.google.firebase.appindexing.internal.Thing[] but value was of a different type.  The default value <null> was returned.
10-03 14:32:30.007  6661 10735 W Bundle  : Attempt to cast generated internal exception:
10-03 14:32:30.007  6661 10735 W Bundle  : java.lang.ClassCastException: Cannot cast [Ljava.lang.String; to [Landroid.os.Parcelable;
10-03 14:32:30.007  6661 10735 W Bundle  : 	at java.lang.Class.cast(Class.java:4183)
10-03 14:32:30.007  6661 10735 W Bundle  : 	at android.os.BaseBundle.getValueAt(BaseBundle.java:435)
10-03 14:32:30.007  6661 10735 W Bundle  : 	at android.os.BaseBundle.getValue(BaseBundle.java:397)
10-03 14:32:30.007  6661 10735 W Bundle  : 	at android.os.Bundle.getParcelableArray(Bundle.java:1188)
10-03 14:32:30.007  6661 10735 W Bundle  : 	at mii.a(:com.google.android.gms@263635035@26.36.35 (260400-991383798):1)
10-03 14:32:30.007  6661 10735 W Bundle  : 	at com.google.firebase.appindexing.internal.Thing.h(:com.google.android.gms@263635035@26.36.35 (260400-991383798):5)
10-03 14:32:30.007  6661 10735 W Bundle  : 	at cszf.g(:com.google.android.gms@263635035@26.36.35 (260400-991383798):582)
10-03 14:32:30.007  6661 10735 W Bundle  : 	at cszf.c(:com.google.android.gms@263635035@26.36.35 (260400-991383798):54)
10-03 14:32:30.007  6661 10735 W Bundle  : 	at csyy.i(:com.google.android.gms@263635035@26.36.35 (260400-991383798):8)
10-03 14:32:30.007  6661 10735 W Bundle  : 	at csxp.a(:com.google.android.gms@263635035@26.36.35 (260400-991383798):19)
10-03 14:32:30.007  6661 10735 W Bundle  : 	at csza.f(:com.google.android.gms@263635035@26.36.35 (260400-991383798):26)
10-03 14:32:30.007  6661 10735 W Bundle  : 	at csxp.g(:com.google.android.gms@263635035@26.36.35 (260400-991383798):3)
10-03 14:32:30.007  6661 10735 W Bundle  : 	at csxw.a(:com.google.android.gms@263635035@26.36.35 (260400-991383798):10)
10-03 14:32:30.007  6661 10735 W Bundle  : 	at ctft.k(:com.google.android.gms@263635035@26.36.35 (260400-991383798):103)
10-03 14:32:30.007  6661 10735 W Bundle  : 	at ctfq.run(:com.google.android.gms@263635035@26.36.35 (260400-991383798):71)
10-03 14:32:30.007  6661 10735 W Bundle  : 	at java.util.concurrent.Executors$RunnableAdapter.call(Executors.java:524)
10-03 14:32:30.007  6661 10735 W Bundle  : 	at java.util.concurrent.FutureTask.run(FutureTask.java:317)
10-03 14:32:30.007  6661 10735 W Bundle  : 	at bpzc.d(:com.google.android.gms@263635035@26.36.35 (260400-991383798):50)
10-03 14:32:30.007  6661 10735 W Bundle  : 	at bpzc.c(:com.google.android.gms@263635035@26.36.35 (260400-991383798):6)
10-03 14:32:30.007  6661 10735 W Bundle  : 	at bpzc.run(:com.google.android.gms@263635035@26.36.35 (260400-991383798):33)
10-03 14:32:30.007  6661 10735 W Bundle  : 	at java.util.concurrent.ThreadPoolExecutor.runWorker(ThreadPoolExecutor.java:1156)
10-03 14:32:30.007  6661 10735 W Bundle  : 	at java.util.concurrent.ThreadPoolExecutor$Worker.run(ThreadPoolExecutor.java:651)
10-03 14:32:30.007  6661 10735 W Bundle  : 	at bqfe.run(:com.google.android.gms@263635035@26.36.35 (260400-991383798):8)
10-03 14:32:30.007  6661 10735 W Bundle  : 	at java.lang.Thread.run(Thread.java:1119)
10-03 14:32:30.007  6661 10735 W Bundle  : Key dateModified expected com.google.firebase.appindexing.internal.Thing[] but value was of a different type.  The default value <null> was returned.
10-03 14:32:30.009  6661 10735 W Bundle  : Attempt to cast generated internal exception:
10-03 14:32:30.009  6661 10735 W Bundle  : java.lang.ClassCastException: Cannot cast [J to [Landroid.os.Parcelable;
10-03 14:32:30.009  6661 10735 W Bundle  : 	at java.lang.Class.cast(Class.java:4183)
10-03 14:32:30.009  6661 10735 W Bundle  : 	at android.os.BaseBundle.getValueAt(BaseBundle.java:435)
10-03 14:32:30.009  6661 10735 W Bundle  : 	at android.os.BaseBundle.getValue(BaseBundle.java:397)
10-03 14:32:30.009  6661 10735 W Bundle  : 	at android.os.Bundle.getParcelableArray(Bundle.java:1188)
10-03 14:32:30.009  6661 10735 W Bundle  : 	at mii.a(:com.google.android.gms@263635035@26.36.35 (260400-991383798):1)
10-03 14:32:30.009  6661 10735 W Bundle  : 	at com.google.firebase.appindexing.internal.Thing.h(:com.google.android.gms@263635035@26.36.35 (260400-991383798):5)
10-03 14:32:30.009  6661 10735 W Bundle  : 	at cszf.g(:com.google.android.gms@263635035@26.36.35 (260400-991383798):582)
10-03 14:32:30.009  6661 10735 W Bundle  : 	at cszf.c(:com.google.android.gms@263635035@26.36.35 (260400-991383798):54)
10-03 14:32:30.009  6661 10735 W Bundle  : 	at csyy.i(:com.google.android.gms@263635035@26.36.35 (260400-991383798):8)
10-03 14:32:30.009  6661 10735 W Bundle  : 	at csxp.a(:com.google.android.gms@263635035@26.36.35 (260400-991383798):19)
10-03 14:32:30.009  6661 10735 W Bundle  : 	at csza.f(:com.google.android.gms@263635035@26.36.35 (260400-991383798):26)
10-03 14:32:30.009  6661 10735 W Bundle  : 	at csxp.g(:com.google.android.gms@263635035@26.36.35 (260400-991383798):3)
10-03 14:32:30.009  6661 10735 W Bundle  : 	at csxw.a(:com.google.android.gms@263635035@26.36.35 (260400-991383798):10)
10-03 14:32:30.009  6661 10735 W Bundle  : 	at ctft.k(:com.google.android.gms@263635035@26.36.35 (260400-991383798):103)
10-03 14:32:30.009  6661 10735 W Bundle  : 	at ctfq.run(:com.google.android.gms@263635035@26.36.35 (260400-991383798):71)
10-03 14:32:30.009  6661 10735 W Bundle  : 	at java.util.concurrent.Executors$RunnableAdapter.call(Executors.java:524)
10-03 14:32:30.009  6661 10735 W Bundle  : 	at java.util.concurrent.FutureTask.run(FutureTask.java:317)
10-03 14:32:30.009  6661 10735 W Bundle  : 	at bpzc.d(:com.google.android.gms@263635035@26.36.35 (260400-991383798):50)
10-03 14:32:30.009  6661 10735 W Bundle  : 	at bpzc.c(:com.google.android.gms@263635035@26.36.35 (260400-991383798):6)
10-03 14:32:30.009  6661 10735 W Bundle  : 	at bpzc.run(:com.google.android.gms@263635035@26.36.35 (260400-991383798):33)
10-03 14:32:30.009  6661 10735 W Bundle  : 	at java.util.concurrent.ThreadPoolExecutor.runWorker(ThreadPoolExecutor.java:1156)
10-03 14:32:30.009  6661 10735 W Bundle  : 	at java.util.concurrent.ThreadPoolExecutor$Worker.run(ThreadPoolExecutor.java:651)
10-03 14:32:30.009  6661 10735 W Bundle  : 	at bqfe.run(:com.google.android.gms@263635035@26.36.35 (260400-991383798):8)
10-03 14:32:30.009  6661 10735 W Bundle  : 	at java.lang.Thread.run(Thread.java:1119)
10-03 14:32:30.014  1051  1065 W System  : A resource failed to call release. 
10-03 14:32:30.014  1051  1065 W System  : A resource failed to call release. 
10-03 14:32:30.014  1051  1065 W System  : A resource failed to call release. 
10-03 14:32:30.014  1051  1065 W System  : A resource failed to call release. 
10-03 14:32:30.014  1051  1065 W System  : A resource failed to call release. 
10-03 14:32:30.014  1051  1065 W System  : A resource failed to call release. 
10-03 14:32:30.014  1051  1065 W System  : A resource failed to call release. 
10-03 14:32:30.015  1051  1065 W System  : A resource failed to call release. 
10-03 14:32:30.015  1051  1065 W System  : A resource failed to call release. 
10-03 14:32:30.015  1051  1065 W System  : A resource failed to call release. 
10-03 14:32:30.015  1051  1065 W System  : A resource failed to call release. 
10-03 14:32:30.015  1051  1065 W System  : A resource failed to call release. 
10-03 14:32:30.015  1051  1065 W System  : A resource failed to call release. 
10-03 14:32:30.015  1051  1065 W System  : A resource failed to call release. 
10-03 14:32:30.019  1051  1065 W System  : A resource failed to call release. 
10-03 14:32:30.019  1051  1065 W System  : A resource failed to call release. 
10-03 14:32:30.019  1051  1065 W System  : A resource failed to call release. 
10-03 14:32:30.019  1051  1065 W System  : A resource failed to call release. 
10-03 14:32:30.019  1051  1065 W System  : A resource failed to call release. 
10-03 14:32:30.020  1051  1065 W System  : A resource failed to call release. 
10-03 14:32:30.020  1051  1065 W System  : A resource failed to call release. 
10-03 14:32:30.020  1051  1065 W System  : A resource failed to call release. 
10-03 14:32:30.020  1051  1065 W System  : A resource failed to call release. 
10-03 14:32:30.029  5983  6065 I .apps.wellbeing: AssetManager2(0xb4000077d7e4e938) locale list changing from [] to [en-US]
10-03 14:32:30.030  5983  6065 I .apps.wellbeing: AssetManager2(0xb4000077d7e688d8) locale list changing from [] to [en-US]
10-03 14:32:30.030  5983  6065 I .apps.wellbeing: AssetManager2(0xb4000077d7e5ae18) locale list changing from [] to [en-US]
10-03 14:32:30.032  5983  6065 I .apps.wellbeing: AssetManager2(0xb4000077d7e4add8) locale list changing from [] to [en-US]
10-03 14:32:30.033  5983  6065 I .apps.wellbeing: AssetManager2(0xb4000077d7e401f8) locale list changing from [] to [en-US]
10-03 14:32:30.033  5983  6065 I .apps.wellbeing: AssetManager2(0xb4000077d7e4cd18) locale list changing from [] to [en-US]
10-03 14:32:30.034  5983  6065 I .apps.wellbeing: AssetManager2(0xb4000077d7e50558) locale list changing from [] to [en-US]
10-03 14:32:30.036  5983  6065 I .apps.wellbeing: AssetManager2(0xb4000077d7e67618) locale list changing from [] to [en-US]
10-03 14:32:30.036  5983  6065 I .apps.wellbeing: AssetManager2(0xb4000077d7e4a158) locale list changing from [] to [en-US]
10-03 14:32:30.036  5983  6065 I .apps.wellbeing: AssetManager2(0xb4000077d7e5ec98) locale list changing from [] to [en-US]
10-03 14:32:30.037  5983  6065 I .apps.wellbeing: AssetManager2(0xb4000077d7e61858) locale list changing from [] to [en-US]
10-03 14:32:30.037  5983  6065 I .apps.wellbeing: AssetManager2(0xb4000077d7e66998) locale list changing from [] to [en-US]
10-03 14:32:30.038  5983  6065 I .apps.wellbeing: AssetManager2(0xb4000077d7e685b8) locale list changing from [] to [en-US]
10-03 14:32:30.038  5983  6065 I .apps.wellbeing: AssetManager2(0xb4000077d7e4ef78) locale list changing from [] to [en-US]
10-03 14:32:30.040  5983  6065 I .apps.wellbeing: AssetManager2(0xb4000077d7e50eb8) locale list changing from [] to [en-US]
10-03 14:32:30.041  5983  6065 I .apps.wellbeing: AssetManager2(0xb4000077d7e59b58) locale list changing from [] to [en-US]
10-03 14:32:30.048  5983  6065 I .apps.wellbeing: AssetManager2(0xb4000077d7e4e938) locale list changing from [] to [en-US]
10-03 14:32:30.050  5983  6065 I .apps.wellbeing: AssetManager2(0xb4000077d7e61538) locale list changing from [] to [en-US]
10-03 14:32:30.050  5983  6065 I .apps.wellbeing: AssetManager2(0xb4000077d7e3f578) locale list changing from [] to [en-US]
10-03 14:32:30.050  5983  6065 I .apps.wellbeing: AssetManager2(0xb4000077d7e4b418) locale list changing from [] to [en-US]
10-03 14:32:30.051  5983  6065 I .apps.wellbeing: AssetManager2(0xb4000077d7e462d8) locale list changing from [] to [en-US]
10-03 14:32:30.052  5983  6065 I .apps.wellbeing: AssetManager2(0xb4000077d7e52ad8) locale list changing from [] to [en-US]
10-03 14:32:30.053  5983  6065 I .apps.wellbeing: AssetManager2(0xb4000077d7e3df98) locale list changing from [] to [en-US]
10-03 14:32:30.091  5983  6065 I .apps.wellbeing: AssetManager2(0xb4000077d7e6a1d8) locale list changing from [] to [en-US]
10-03 14:32:30.093  5983  6065 I .apps.wellbeing: AssetManager2(0xb4000077d7e69878) locale list changing from [] to [en-US]
10-03 14:32:30.093  5983  6065 I .apps.wellbeing: AssetManager2(0xb4000077d7e44398) locale list changing from [] to [en-US]
10-03 14:32:30.093  5983  6065 I .apps.wellbeing: AssetManager2(0xb4000077d7e4aab8) locale list changing from [] to [en-US]
10-03 14:32:30.094  5983  6065 I .apps.wellbeing: AssetManager2(0xb4000077d7e53a78) locale list changing from [] to [en-US]
10-03 14:32:30.095  5983  6065 I .apps.wellbeing: AssetManager2(0xb4000077d7e4d998) locale list changing from [] to [en-US]
10-03 14:32:30.095  5983  6065 I .apps.wellbeing: AssetManager2(0xb4000077d7e3bd38) locale list changing from [] to [en-US]
10-03 14:32:30.096  5983  6065 I .apps.wellbeing: AssetManager2(0xb4000077d7e433f8) locale list changing from [] to [en-US]
10-03 14:32:30.096  5983  6065 I .apps.wellbeing: AssetManager2(0xb4000077d7e627f8) locale list changing from [] to [en-US]
10-03 14:32:30.096  5983  6065 I .apps.wellbeing: AssetManager2(0xb4000077d7e54d38) locale list changing from [] to [en-US]
10-03 14:32:30.097  5983  6065 I .apps.wellbeing: AssetManager2(0xb4000077d7e61b78) locale list changing from [] to [en-US]
10-03 14:32:30.098  5983  6065 I .apps.wellbeing: AssetManager2(0xb4000077d7e52498) locale list changing from [] to [en-US]
10-03 14:32:30.098  5983  6065 I .apps.wellbeing: AssetManager2(0xb4000077d7e58ed8) locale list changing from [] to [en-US]
10-03 14:32:30.099  5983  6065 I .apps.wellbeing: AssetManager2(0xb4000077d7e63798) locale list changing from [] to [en-US]
10-03 14:32:30.100  5983  6065 I .apps.wellbeing: AssetManager2(0xb4000077d7e4f8d8) locale list changing from [] to [en-US]
10-03 14:32:30.113  5983  6065 I .apps.wellbeing: AssetManager2(0xb4000077d7e4dfd8) locale list changing from [] to [en-US]
10-03 14:32:30.115  5983  6065 I .apps.wellbeing: AssetManager2(0xb4000077d7e52178) locale list changing from [] to [en-US]
10-03 14:32:30.116  5983  6065 I .apps.wellbeing: AssetManager2(0xb4000077d7e575d8) locale list changing from [] to [en-US]
10-03 14:32:30.116  5983  6065 I .apps.wellbeing: AssetManager2(0xb4000077d7e55ff8) locale list changing from [] to [en-US]
10-03 14:32:30.116  5983  6065 I .apps.wellbeing: AssetManager2(0xb4000077d7e44cf8) locale list changing from [] to [en-US]
10-03 14:32:30.118  5983  6065 I .apps.wellbeing: AssetManager2(0xb4000077d7e5a4b8) locale list changing from [] to [en-US]
10-03 14:32:30.118  5983  6065 I .apps.wellbeing: AssetManager2(0xb4000077d7e56318) locale list changing from [] to [en-US]
10-03 14:32:30.118  5983  6065 I .apps.wellbeing: AssetManager2(0xb4000077d7e6a818) locale list changing from [] to [en-US]
10-03 14:32:30.120  5983  6065 I .apps.wellbeing: AssetManager2(0xb4000077d7e42db8) locale list changing from [] to [en-US]
10-03 14:32:30.122  5983  6065 I .apps.wellbeing: AssetManager2(0xb4000077d7e4ba58) locale list changing from [] to [en-US]
10-03 14:32:30.123  5983  6065 I .apps.wellbeing: AssetManager2(0xb4000077d7e449d8) locale list changing from [] to [en-US]
10-03 14:32:30.123  5983  6065 I .apps.wellbeing: AssetManager2(0xb4000077d7e43718) locale list changing from [] to [en-US]
10-03 14:32:30.124  5983  6065 I .apps.wellbeing: AssetManager2(0xb4000077d7e45018) locale list changing from [] to [en-US]
10-03 14:32:30.124  5983  6065 I .apps.wellbeing: AssetManager2(0xb4000077d7e59838) locale list changing from [] to [en-US]
10-03 14:32:30.125  5983  6065 I .apps.wellbeing: AssetManager2(0xb4000077d7e66038) locale list changing from [] to [en-US]
10-03 14:32:30.125  5983  6065 I .apps.wellbeing: AssetManager2(0xb4000077d7e4c3b8) locale list changing from [] to [en-US]
10-03 14:32:30.127  5983  6065 I .apps.wellbeing: AssetManager2(0xb4000077d7e4f5b8) locale list changing from [] to [en-US]
10-03 14:32:30.128  5983  6065 I .apps.wellbeing: AssetManager2(0xb4000077d7e51b38) locale list changing from [] to [en-US]
10-03 14:32:30.130  5983  6065 I .apps.wellbeing: AssetManager2(0xb4000077d7e514f8) locale list changing from [] to [en-US]
10-03 14:32:30.130  5983  6065 I .apps.wellbeing: AssetManager2(0xb4000077d7e3fbb8) locale list changing from [] to [en-US]
10-03 14:32:30.131  5983  6065 I .apps.wellbeing: AssetManager2(0xb4000077d7e61e98) locale list changing from [] to [en-US]
10-03 14:32:30.132  5983  6065 I .apps.wellbeing: AssetManager2(0xb4000077d7e3d638) locale list changing from [] to [en-US]
10-03 14:32:30.134  5983  6065 I .apps.wellbeing: AssetManager2(0xb4000077d7e68f18) locale list changing from [] to [en-US]
10-03 14:32:30.136  5983  6065 I .apps.wellbeing: AssetManager2(0xb4000077d7e559b8) locale list changing from [] to [en-US]
10-03 14:32:30.137  5983  6065 I .apps.wellbeing: AssetManager2(0xb4000077d7e5b138) locale list changing from [] to [en-US]
10-03 14:32:30.137  5983  6065 I .apps.wellbeing: AssetManager2(0xb4000077d7e50878) locale list changing from [] to [en-US]
10-03 14:32:30.139  5983  6065 I .apps.wellbeing: AssetManager2(0xb4000077d7e656d8) locale list changing from [] to [en-US]
10-03 14:32:30.140  5983  6065 I .apps.wellbeing: AssetManager2(0xb4000077d7e3f898) locale list changing from [] to [en-US]
10-03 14:32:30.141  5983  6065 I .apps.wellbeing: AssetManager2(0xb4000077d7e3e8f8) locale list changing from [] to [en-US]
10-03 14:32:30.142  5983  6065 I .apps.wellbeing: AssetManager2(0xb4000077d7e46c38) locale list changing from [] to [en-US]
10-03 14:32:30.142  5983  6065 I .apps.wellbeing: AssetManager2(0xb4000077d7e55698) locale list changing from [] to [en-US]
10-03 14:32:30.143  5983  6065 I .apps.wellbeing: AssetManager2(0xb4000077d7e44078) locale list changing from [] to [en-US]
10-03 14:32:30.144  5983  6065 I .apps.wellbeing: AssetManager2(0xb4000077d7e40838) locale list changing from [] to [en-US]
10-03 14:32:30.144  5983  6065 I .apps.wellbeing: AssetManager2(0xb4000077d7e62b18) locale list changing from [] to [en-US]
10-03 14:32:30.145  5983  6065 I .apps.wellbeing: AssetManager2(0xb4000077d7e60598) locale list changing from [] to [en-US]
10-03 14:32:30.146  5983  6065 I .apps.wellbeing: AssetManager2(0xb4000077d7e55058) locale list changing from [] to [en-US]
10-03 14:32:30.146  5983  6065 I .apps.wellbeing: AssetManager2(0xb4000077d7e66fd8) locale list changing from [] to [en-US]
10-03 14:32:30.147  5983  6065 I .apps.wellbeing: AssetManager2(0xb4000077d7e4c9f8) locale list changing from [] to [en-US]
10-03 14:32:30.147  5983  6065 I .apps.wellbeing: AssetManager2(0xb4000077d7e491b8) locale list changing from [] to [en-US]
10-03 14:32:30.148  5983  6065 I .apps.wellbeing: AssetManager2(0xb4000077d7e45c98) locale list changing from [] to [en-US]
10-03 14:32:30.149  5983  6065 I .apps.wellbeing: AssetManager2(0xb4000077d7e5d398) locale list changing from [] to [en-US]
10-03 14:32:30.149  5983  6065 I .apps.wellbeing: AssetManager2(0xb4000077d7e672f8) locale list changing from [] to [en-US]
10-03 14:32:30.150  5983  6065 I .apps.wellbeing: AssetManager2(0xb4000077d7e47bd8) locale list changing from [] to [en-US]
10-03 14:32:30.150  5983  6065 I .apps.wellbeing: AssetManager2(0xb4000077d7e5b458) locale list changing from [] to [en-US]
10-03 14:32:30.150  5983  6065 I .apps.wellbeing: AssetManager2(0xb4000077d7e3ec18) locale list changing from [] to [en-US]
10-03 14:32:30.151  5983  6065 I .apps.wellbeing: AssetManager2(0xb4000077d7e61218) locale list changing from [] to [en-US]
10-03 14:32:30.151 13119 13119 D nativeloader: Configuring clns-9 for other apk /data/app/~~Ma7pNjNtt7YKNS-w8bDa-g==/com.ynx.social-jnU0x__CSk1ZN_nnzovsQg==/base.apk. target_sdk_version=36, uses_libraries=, library_path=/data/app/~~Ma7pNjNtt7YKNS-w8bDa-g==/com.ynx.social-jnU0x__CSk1ZN_nnzovsQg==/lib/arm64:/data/app/~~Ma7pNjNtt7YKNS-w8bDa-g==/com.ynx.social-jnU0x__CSk1ZN_nnzovsQg==/base.apk!/lib/arm64-v8a, permitted_path=/data:/mnt/expand:/data/user/0/com.ynx.social
10-03 14:32:30.152  5983  6065 I .apps.wellbeing: AssetManager2(0xb4000077d7e42778) locale list changing from [] to [en-US]
10-03 14:32:30.152  5983  6065 I .apps.wellbeing: AssetManager2(0xb4000077d7e4c6d8) locale list changing from [] to [en-US]
10-03 14:32:30.154  5983  6065 I .apps.wellbeing: AssetManager2(0xb4000077d7e540b8) locale list changing from [] to [en-US]
10-03 14:32:30.155  5983  6065 I .apps.wellbeing: AssetManager2(0xb4000077d7e5cd58) locale list changing from [] to [en-US]
10-03 14:32:30.156 13119 13119 I com.ynx.social: AssetManager2(0xb4000077d7e41198) locale list changing from [] to [en-US]
10-03 14:32:30.156  5983  6065 I .apps.wellbeing: AssetManager2(0xb4000077d7e5d6b8) locale list changing from [] to [en-US]
10-03 14:32:30.158  5983  6065 I .apps.wellbeing: AssetManager2(0xb4000077d7e60bd8) locale list changing from [] to [en-US]
10-03 14:32:30.158 13119 13119 V GraphicsEnvironment: Currently set values for:
10-03 14:32:30.158 13119 13119 V GraphicsEnvironment:   angle_gl_driver_selection_pkgs=[]
10-03 14:32:30.158 13119 13119 V GraphicsEnvironment:   angle_gl_driver_selection_values=[]
10-03 14:32:30.158 13119 13119 V GraphicsEnvironment: com.ynx.social is not listed in per-application setting
10-03 14:32:30.159 13119 13119 V GraphicsEnvironment: ANGLE allowlist from config: 
10-03 14:32:30.159 13119 13119 V GraphicsEnvironment: com.ynx.social is not listed in ANGLE allowlist or settings, returning default
10-03 14:32:30.159 13119 13119 V GraphicsEnvironment: Neither updatable production driver nor prerelease driver is supported.
10-03 14:32:30.159  5983  6065 I .apps.wellbeing: AssetManager2(0xb4000077d7e42a98) locale list changing from [] to [en-US]
10-03 14:32:30.160  5983  6065 I .apps.wellbeing: AssetManager2(0xb4000077d7e5e338) locale list changing from [] to [en-US]
10-03 14:32:30.161  5983  6065 I .apps.wellbeing: AssetManager2(0xb4000077d7e45978) locale list changing from [] to [en-US]
10-03 14:32:30.168  5983  6065 I .apps.wellbeing: AssetManager2(0xb4000077d7e67938) locale list changing from [] to [en-US]
10-03 14:32:30.169  5983  6065 I .apps.wellbeing: AssetManager2(0xb4000077d7e3cff8) locale list changing from [] to [en-US]
10-03 14:32:30.172  5983  6065 I .apps.wellbeing: AssetManager2(0xb4000077d7e45fb8) locale list changing from [] to [en-US]
10-03 14:32:30.173  5983  6065 I .apps.wellbeing: AssetManager2(0xb4000077d7e5efb8) locale list changing from [] to [en-US]
10-03 14:32:30.182 13119 13119 W SoLoader: Initializing SoLoader: 0
10-03 14:32:30.182  5983  6065 I .apps.wellbeing: AssetManager2(0xb4000077d7e5ff58) locale list changing from [] to [en-US]
10-03 14:32:30.183 13119 13119 W SoLoader: Recording new base apk path: /data/app/~~Ma7pNjNtt7YKNS-w8bDa-g==/com.ynx.social-jnU0x__CSk1ZN_nnzovsQg==/base.apk
10-03 14:32:30.183 13119 13119 W SoLoader: Previously recorded 0 base apk paths.
10-03 14:32:30.184 13119 13119 I SoLoader: Preparing SO source: DirectorySoSource[root = /vendor/lib64 flags = 2]
10-03 14:32:30.184 13119 13119 I SoLoader: Preparing SO source: DirectorySoSource[root = /system/lib64 flags = 2]
10-03 14:32:30.184 13119 13119 I SoLoader: Preparing SO source: DirectApkSoSource[root = [/data/app/~~Ma7pNjNtt7YKNS-w8bDa-g==/com.ynx.social-jnU0x__CSk1ZN_nnzovsQg==/base.apk!/lib/arm64-v8a]]
10-03 14:32:30.185  5983  6065 I .apps.wellbeing: AssetManager2(0xb4000077d7e59518) locale list changing from [] to [en-US]
10-03 14:32:30.190  5983  6065 I .apps.wellbeing: AssetManager2(0xb4000077d7e47ef8) locale list changing from [] to [en-US]
10-03 14:32:30.191  5983  6065 I .apps.wellbeing: AssetManager2(0xb4000077d7e58578) locale list changing from [] to [en-US]
10-03 14:32:30.192  5983  6065 I .apps.wellbeing: AssetManager2(0xb4000077d7e57c18) locale list changing from [] to [en-US]
10-03 14:32:30.194  5983  6065 I .apps.wellbeing: AssetManager2(0xb4000077d7e55cd8) locale list changing from [] to [en-US]
10-03 14:32:30.197  5983  6065 I .apps.wellbeing: AssetManager2(0xb4000077d7e53758) locale list changing from [] to [en-US]
10-03 14:32:30.201  5983  6065 I .apps.wellbeing: AssetManager2(0xb4000077d7e543d8) locale list changing from [] to [en-US]
10-03 14:32:30.205  5983  6065 I .apps.wellbeing: AssetManager2(0xb4000077d7e5d9d8) locale list changing from [] to [en-US]
10-03 14:32:30.208  5983  6065 I .apps.wellbeing: AssetManager2(0xb4000077d7e56f98) locale list changing from [] to [en-US]
10-03 14:32:30.210  5983  6065 I .apps.wellbeing: AssetManager2(0xb4000077d7e58898) locale list changing from [] to [en-US]
10-03 14:32:30.215  5983  6065 I .apps.wellbeing: AssetManager2(0xb4000077d7e47598) locale list changing from [] to [en-US]
10-03 14:32:30.215 13119 13119 I SoLoader: Preparing SO source: ApplicationSoSource[DirectorySoSource[root = /data/app/~~Ma7pNjNtt7YKNS-w8bDa-g==/com.ynx.social-jnU0x__CSk1ZN_nnzovsQg==/lib/arm64 flags = 0]]
10-03 14:32:30.215 13119 13119 I SoLoader: init finish: 4 SO sources prepared
10-03 14:32:30.215 13119 13119 W SoLoader: SoLoader initialized: 8
10-03 14:32:30.216  5983  6065 I .apps.wellbeing: AssetManager2(0xb4000077d7e465f8) locale list changing from [] to [en-US]
10-03 14:32:30.217  5983  6065 I .apps.wellbeing: AssetManager2(0xb4000077d7e4d678) locale list changing from [] to [en-US]
10-03 14:32:30.217  5983  6065 I .apps.wellbeing: AssetManager2(0xb4000077d7e4b738) locale list changing from [] to [en-US]
10-03 14:32:30.219  5983  6065 I .apps.wellbeing: AssetManager2(0xb4000077d7e572b8) locale list changing from [] to [en-US]
10-03 14:32:30.219  5983  6065 I .apps.wellbeing: AssetManager2(0xb4000077d7e511d8) locale list changing from [] to [en-US]
10-03 14:32:30.220  5983  6065 I .apps.wellbeing: AssetManager2(0xb4000077d7e478b8) locale list changing from [] to [en-US]
10-03 14:32:30.222  5983  6065 I .apps.wellbeing: AssetManager2(0xb4000077d7e3e2b8) locale list changing from [] to [en-US]
10-03 14:32:30.223  5983  6065 I .apps.wellbeing: AssetManager2(0xb4000077d7e527b8) locale list changing from [] to [en-US]
10-03 14:32:30.224  5983  6065 I .apps.wellbeing: AssetManager2(0xb4000077d7e48858) locale list changing from [] to [en-US]
10-03 14:32:30.226  5983  6065 I .apps.wellbeing: AssetManager2(0xb4000077d7e42138) locale list changing from [] to [en-US]
10-03 14:32:30.237 13119 13119 D nativeloader: Load /data/app/~~Ma7pNjNtt7YKNS-w8bDa-g==/com.ynx.social-jnU0x__CSk1ZN_nnzovsQg==/base.apk!/lib/arm64-v8a/libc++_shared.so using class loader ns clns-9 (caller=/data/app/~~Ma7pNjNtt7YKNS-w8bDa-g==/com.ynx.social-jnU0x__CSk1ZN_nnzovsQg==/base.apk!classes20.dex): ok
10-03 14:32:30.240 13119 13119 D nativeloader: Load /data/app/~~Ma7pNjNtt7YKNS-w8bDa-g==/com.ynx.social-jnU0x__CSk1ZN_nnzovsQg==/base.apk!/lib/arm64-v8a/libjsi.so using class loader ns clns-9 (caller=/data/app/~~Ma7pNjNtt7YKNS-w8bDa-g==/com.ynx.social-jnU0x__CSk1ZN_nnzovsQg==/base.apk!classes20.dex): ok
10-03 14:32:30.242 13119 13119 D nativeloader: Load /data/app/~~Ma7pNjNtt7YKNS-w8bDa-g==/com.ynx.social-jnU0x__CSk1ZN_nnzovsQg==/base.apk!/lib/arm64-v8a/libfbjni.so using class loader ns clns-9 (caller=/data/app/~~Ma7pNjNtt7YKNS-w8bDa-g==/com.ynx.social-jnU0x__CSk1ZN_nnzovsQg==/base.apk!classes20.dex): ok
10-03 14:32:30.246 13119 13119 D nativeloader: Load /data/app/~~Ma7pNjNtt7YKNS-w8bDa-g==/com.ynx.social-jnU0x__CSk1ZN_nnzovsQg==/base.apk!/lib/arm64-v8a/libreactnative.so using class loader ns clns-9 (caller=/data/app/~~Ma7pNjNtt7YKNS-w8bDa-g==/com.ynx.social-jnU0x__CSk1ZN_nnzovsQg==/base.apk!classes20.dex): ok
10-03 14:32:30.246 13119 13119 D jni_lib_merge: Entering merged library JNI_OnLoad.
10-03 14:32:30.246 13119 13119 D jni_lib_merge: Preparing 13 pre-merged libs (including stub)
10-03 14:32:30.246 13119 13119 D jni_lib_merge: Preparing to register libfabricjni_so.  onload_func: 0x75b2f6403c
10-03 14:32:30.246 13119 13119 D jni_lib_merge: Preparing to register libreact_devsupportjni_so.  onload_func: 0x75b31bdcec
10-03 14:32:30.246 13119 13119 D jni_lib_merge: Preparing to register libreact_featureflagsjni_so.  onload_func: 0x75b31d1214
10-03 14:32:30.246 13119 13119 D jni_lib_merge: Preparing to register libreact_newarchdefaults_so.  onload_func: 0x75b327e44c
10-03 14:32:30.246 13119 13119 D jni_lib_merge: Preparing to register libreact_tracingjni_so.  onload_func: 0x75b3591644
10-03 14:32:30.246 13119 13119 D jni_lib_merge: Preparing to register libreactnativeblob_so.  onload_func: 0x75b35a56e0
10-03 14:32:30.246 13119 13119 D jni_lib_merge: Preparing to register libreactnativejni_so.  onload_func: 0x75b35ca3b0
10-03 14:32:30.246 13119 13119 D jni_lib_merge: Preparing to register libreactnativejni_common_so.  onload_func: 0x75b35d01d4
10-03 14:32:30.246 13119 13119 D jni_lib_merge: Preparing to register librninstance_so.  onload_func: 0x75b3654584
10-03 14:32:30.246 13119 13119 D jni_lib_merge: Preparing to register libturbomodulejsijni_so.  onload_func: 0x75b37b3c8c
10-03 14:32:30.246 13119 13119 D jni_lib_merge: Preparing to register libuimanagerjni_so.  onload_func: 0x75b37cae78
10-03 14:32:30.246 13119 13119 D jni_lib_merge: Preparing to register libyoga_so.  onload_func: 0x75b37da8fc
10-03 14:32:30.246 13119 13119 D jni_lib_merge: About to register 12 actual methods.
10-03 14:32:30.251 13119 13119 D nativeloader: Load /data/app/~~Ma7pNjNtt7YKNS-w8bDa-g==/com.ynx.social-jnU0x__CSk1ZN_nnzovsQg==/base.apk!/lib/arm64-v8a/libreact_codegen_rnsvg.so using class loader ns clns-9 (caller=/data/app/~~Ma7pNjNtt7YKNS-w8bDa-g==/com.ynx.social-jnU0x__CSk1ZN_nnzovsQg==/base.apk!classes20.dex): ok
10-03 14:32:30.251 13119 13119 D jni_lib_merge: Entering merged library JNI_OnLoad.
10-03 14:32:30.251 13119 13119 D jni_lib_merge: Preparing 13 pre-merged libs (including stub)
10-03 14:32:30.251 13119 13119 D jni_lib_merge: Preparing to register libfabricjni_so.  onload_func: 0x75b2f6403c
10-03 14:32:30.251 13119 13119 D jni_lib_merge: Preparing to register libreact_devsupportjni_so.  onload_func: 0x75b31bdcec
10-03 14:32:30.251 13119 13119 D jni_lib_merge: Preparing to register libreact_featureflagsjni_so.  onload_func: 0x75b31d1214
10-03 14:32:30.251 13119 13119 D jni_lib_merge: Preparing to register libreact_newarchdefaults_so.  onload_func: 0x75b327e44c
10-03 14:32:30.251 13119 13119 D jni_lib_merge: Preparing to register libreact_tracingjni_so.  onload_func: 0x75b3591644
10-03 14:32:30.251 13119 13119 D jni_lib_merge: Preparing to register libreactnativeblob_so.  onload_func: 0x75b35a56e0
10-03 14:32:30.251 13119 13119 D jni_lib_merge: Preparing to register libreactnativejni_so.  onload_func: 0x75b35ca3b0
10-03 14:32:30.251 13119 13119 D jni_lib_merge: Preparing to register libreactnativejni_common_so.  onload_func: 0x75b35d01d4
10-03 14:32:30.251 13119 13119 D jni_lib_merge: Preparing to register librninstance_so.  onload_func: 0x75b3654584
10-03 14:32:30.251 13119 13119 D jni_lib_merge: Preparing to register libturbomodulejsijni_so.  onload_func: 0x75b37b3c8c
10-03 14:32:30.251 13119 13119 D jni_lib_merge: Preparing to register libuimanagerjni_so.  onload_func: 0x75b37cae78
10-03 14:32:30.251 13119 13119 D jni_lib_merge: Preparing to register libyoga_so.  onload_func: 0x75b37da8fc
10-03 14:32:30.251 13119 13119 D jni_lib_merge: About to register 12 actual methods.
10-03 14:32:30.254 13119 13119 D nativeloader: Load /data/app/~~Ma7pNjNtt7YKNS-w8bDa-g==/com.ynx.social-jnU0x__CSk1ZN_nnzovsQg==/base.apk!/lib/arm64-v8a/libreact_codegen_safeareacontext.so using class loader ns clns-9 (caller=/data/app/~~Ma7pNjNtt7YKNS-w8bDa-g==/com.ynx.social-jnU0x__CSk1ZN_nnzovsQg==/base.apk!classes20.dex): ok
10-03 14:32:30.254  5983  6065 I .apps.wellbeing: AssetManager2(0xb4000077d7e446b8) locale list changing from [] to [en-US]
10-03 14:32:30.254 13119 13119 D nativeloader: Load /data/app/~~Ma7pNjNtt7YKNS-w8bDa-g==/com.ynx.social-jnU0x__CSk1ZN_nnzovsQg==/base.apk!/lib/arm64-v8a/libappmodules.so using class loader ns clns-9 (caller=/data/app/~~Ma7pNjNtt7YKNS-w8bDa-g==/com.ynx.social-jnU0x__CSk1ZN_nnzovsQg==/base.apk!classes20.dex): ok
10-03 14:32:30.257  5983  6065 I .apps.wellbeing: AssetManager2(0xb4000077d7e46918) locale list changing from [] to [en-US]
10-03 14:32:30.260  5983  6065 I .apps.wellbeing: AssetManager2(0xb4000077d7e66358) locale list changing from [] to [en-US]
10-03 14:32:30.263  5983  6065 I .apps.wellbeing: AssetManager2(0xb4000077d7e46f58) locale list changing from [] to [en-US]
10-03 14:32:30.265  5983  6065 I .apps.wellbeing: AssetManager2(0xb4000077d7e64d78) locale list changing from [] to [en-US]
10-03 14:32:30.269  5983  6065 I .apps.wellbeing: AssetManager2(0xb4000077d7e5b778) locale list changing from [] to [en-US]
10-03 14:32:30.270   662   677 W OptProp : Cannot read opt property android.window.PROPERTY_COMPAT_ENABLE_FAKE_FOCUS
10-03 14:32:30.271   662  1011 D BackgroundInstallControlService: Package event received: 0
10-03 14:32:30.271   662  1011 D BackgroundInstallControlService: Package event received: 0
10-03 14:32:30.272  1051  1571 V WindowManagerShell: onTransitionReady(transaction=2843268354948)
10-03 14:32:30.272  1051  1155 V WindowManagerShell: onTransitionReady (#77) android.os.BinderProxy@d3d0f70: {id=77 t=CLOSE f=0x0 trk=0 r=[0@Point(0, 0)] c=[
10-03 14:32:30.272  1051  1155 V WindowManagerShell:         {m=OPEN f=MOVE_TO_TOP leash=Surface(name=Task=32)/@0x5a3bee8 sb=Rect(0, 0 - 320, 640) eb=Rect(0, 0 - 320, 640) epz=Point(320, 640) d=0 taskParent=-1},
10-03 14:32:30.272  1051  1155 V WindowManagerShell:         {m=CLOSE f=NONE leash=Surface(name=Task=31)/@0xa532901 sb=Rect(0, 0 - 320, 640) eb=Rect(0, 0 - 320, 640) epz=Point(320, 640) d=0 taskParent=-1}
10-03 14:32:30.272  1051  1155 V WindowManagerShell:     ]}
10-03 14:32:30.272  1051  1155 V WindowManagerShell: Playing animation for (#77) android.os.BinderProxy@d3d0f70@0
10-03 14:32:30.272  1051  1155 V ShellRecents: RecentsTransitionHandler.startAnimation: no controller found
10-03 14:32:30.273  1051  1155 V WindowManagerShell: Transition doesn't have explicit remote, search filters for match for {id=77 t=CLOSE f=0x0 trk=0 r=[0@Point(0, 0)] c=[{m=OPEN f=MOVE_TO_TOP leash=Surface(name=Task=32)/@0x5a3bee8 sb=Rect(0, 0 - 320, 640) eb=Rect(0, 0 - 320, 640) epz=Point(320, 640) d=0 taskParent=-1},{m=CLOSE f=NONE leash=Surface(name=Task=31)/@0xa532901 sb=Rect(0, 0 - 320, 640) eb=Rect(0, 0 - 320, 640) epz=Point(320, 640) d=0 taskParent=-1}]}
10-03 14:32:30.273  1051  1155 V WindowManagerShell:  Checking filter Pair{{types=[] flags=0x0] notFlags=0x0 checks=[{atype=undefined independent=true modes=[CLOSE,TO_BACK] flags=IN_TASK_WITH_EMBEDDED_ACTIVITY mustBeTask=false order=ANY topActivity=null launchCookie=null taskFragmentToken=android.os.BinderProxy@cd90edd windowingMode=undefined}]} RemoteTransition { remoteTransition = android.window.IRemoteTransition$Stub$Proxy@6e0da52, appThread = android.app.IApplicationThread$Stub$Proxy@dae2123, debugName = overlayBackTransition }}
10-03 14:32:30.273  1051  1155 V WindowManagerShell:  Checking filter Pair{{types=[] flags=0x0] notFlags=0x0 checks=[{atype=dream independent=true modes=[OPEN,TO_FRONT] flags=NONE mustBeTask=false order=ANY topActivity=null launchCookie=null windowingMode=undefined},{atype=home independent=true modes=[CLOSE,TO_BACK] flags=NONE mustBeTask=false order=ANY topActivity=null launchCookie=null windowingMode=undefined}]} RemoteTransition { remoteTransition = android.window.IRemoteTransition$Stub$Proxy@54ef620, appThread = android.app.IApplicationThread$Stub$Proxy@e5cbbd9, debugName = LauncherToDream }}
10-03 14:32:30.273  1051  1155 V WindowManagerShell:  Checking filter Pair{{types=[] flags=0x0] notFlags=0x100 checks=[{atype=home independent=true modes=[OPEN,TO_FRONT] flags=NONE mustBeTask=false order=TOP topActivity=ComponentInfo{com.google.android.apps.nexuslauncher/com.google.android.apps.nexuslauncher.NexusLauncherActivity} launchCookie=null windowingMode=undefined},{atype=standard independent=true modes=[CLOSE,TO_BACK] flags=NONE mustBeTask=false order=ANY topActivity=null launchCookie=null windowingMode=undefined},{NOT atype=undefined independent=true modes=[] flags=NONE mustBeTask=true order=ANY topActivity=null launchCookie=null customAnim=true windowingMode=undefined}]} RemoteTransition { remoteTransition = android.window.IRemoteTransition$Stub$Proxy@18e499e, appThread = android.app.IApplicationThread$Stub$Proxy@237ac7f, debugName = QuickstepLaunchHome }}
10-03 14:32:30.273  1051  1155 V WindowManagerShell:  Delegate animation for (#77) to null
10-03 14:32:30.273  1051  1155 V WindowManagerShell: start default transition animation, info = {id=77 t=CLOSE f=0x0 trk=0 r=[0@Point(0, 0)] c=[{m=OPEN f=MOVE_TO_TOP leash=Surface(name=Task=32)/@0x5a3bee8 sb=Rect(0, 0 - 320, 640) eb=Rect(0, 0 - 320, 640) epz=Point(320, 640) d=0 taskParent=-1},{m=CLOSE f=NONE leash=Surface(name=Task=31)/@0xa532901 sb=Rect(0, 0 - 320, 640) eb=Rect(0, 0 - 320, 640) epz=Point(320, 640) d=0 taskParent=-1}]}
10-03 14:32:30.274  1051  1155 V WindowManagerShell: loadAnimation: anim=android.view.animation.AnimationSet@b48543d animAttr=0xb type=CLOSE isEntrance=false
10-03 14:32:30.274 13119 13178 I DisplayManager: Choreographer implicitly registered for the refresh rate.
10-03 14:32:30.274  1051  1155 I ndroid.systemui: AssetManager2(0xb4000077d7ea1318) locale list changing from [] to [en-US]
10-03 14:32:30.276   662   682 V WindowManager: Sent Transition (#77) createdAt=10-03 14:32:29.353 via request=TransitionRequestInfo { type = CLOSE, triggerTask = TaskInfo{userId=0 taskId=31 effectiveUid=10212 displayId=0 isRunning=false baseIntent=Intent { flg=0x10000000 cmp=com.ynx.social/.MainActivity } baseActivity=null topActivity=null origActivity=null realActivity=ComponentInfo{com.ynx.social/com.ynx.social.MainActivity} numActivities=0 lastActiveTime=10288745 supportsMultiWindow=true resizeMode=1 isResizeable=true minWidth=-1 minHeight=-1 defaultMinSize=220 token=WCT{RemoteToken{e0bc62d Task{d42f095 #31 type=standard A=10212:com.ynx.social}}} topActivityType=1 pictureInPictureParams=null shouldDockBigOverlays=false launchIntoPipHostTaskId=-1 lastParentTaskIdBeforePip=-1 displayCutoutSafeInsets=Rect(0, 0 - 0, 0) topActivityInfo=null launchCookies=[] positionInParent=Point(0, 0) parentTaskId=-1 isFocused=true isVisible=true isVisibleRequested=true isTopActivityNoDisplay=false isSleeping=false locusId=null displayAreaFeatureId=1 isTopActivityTransparent=false isActivityStackTransparent=true lastNonFullscreenBounds=Rect(73, 156 - 248, 476) capturedLink=null capturedLinkTimestamp=0 requestedVisibleTypes=-9 topActivityRequestOpenInBrowserEducationTimestamp=0 appCompatTaskInfo=AppCompatTaskInfo { topActivityInSizeCompat=false eligibleForLetterboxEducation= false isLetterboxEducationEnabled= false isLetterboxDoubleTapEnabled= false eligibleForUserAspectRatioButton= false topActivityBoundsLetterboxed= false isFromLetterboxDoubleTap= false topActivityLetterboxVerticalPosition= -1 topActivityLetterboxHorizontalPosition= -1 topActivityLetterboxWidth=-1 topActivityLetterboxHeight=-1 topActivityAppBounds=Rect(0, 0 - 0, 0) isUserFullscreenOverrideEnabled=false isSystemFullscreenOverrideEnabled=false hasMinAspectRatioOverride=false topActivityLetterboxBounds=null cameraCompatTaskInfo=CameraCompatTaskInfo { freeformCameraCompatMode=undefined}} topActivityMainWindowFrame=null}, pipChange = null, remoteTransition = null, displayChange = null, flags = 0, debugId = 77 }
10-03 14:32:30.276   662   682 V WindowManager:     startWCT=WindowContainerTransaction { changes= {} hops= [] errorCallbackToken=null taskFragmentOrganizer=null }
10-03 14:32:30.276   662   682 V WindowManager:     info={id=77 t=CLOSE f=0x0 trk=0 r=[0@Point(0, 0)] c=[
10-03 14:32:30.276   662   682 V WindowManager:         {WCT{RemoteToken{213eeab Task{dce5ef7 #32 type=standard A=10212:com.ynx.social}}} m=OPEN f=MOVE_TO_TOP leash=Surface(name=Task=32)/@0x460588f sb=Rect(0, 0 - 320, 640) eb=Rect(0, 0 - 320, 640) epz=Point(320, 640) d=0 taskParent=-1},
10-03 14:32:30.276   662   682 V WindowManager:         {WCT{RemoteToken{e0bc62d Task{d42f095 #31 type=standard A=10212:com.ynx.social}}} m=CLOSE f=NONE leash=Surface(name=Task=31)/@0x580c657 sb=Rect(0, 0 - 320, 640) eb=Rect(0, 0 - 320, 640) epz=Point(320, 640) d=0 taskParent=-1}
10-03 14:32:30.276   662   682 V WindowManager:     ]}
10-03 14:32:30.277  1051  1155 I ndroid.systemui: AssetManager2(0xb4000077d7ea3bb8) locale list changing from [] to [en-US]
10-03 14:32:30.278 13119 13119 I com.ynx.social: AssetManager2(0xb4000077d7e3ad98) locale list changing from [] to [en-US]
10-03 14:32:30.279  1051  1155 V WindowManagerShell: loadAnimation: anim=android.view.animation.AnimationSet@d1b666 animAttr=0xa type=CLOSE isEntrance=true
10-03 14:32:30.280  1051  1155 V WindowManagerShell:  animated by com.android.wm.shell.transition.DefaultTransitionHandler@8ae9bba
10-03 14:32:30.297 13119 13119 D AppCompatDelegate: Checking for metadata for AppLocalesMetadataHolderService : Service not found
10-03 14:32:30.298 13119 13119 I com.ynx.social: AssetManager2(0xb4000077d7e39ad8) locale list changing from [] to [en-US]
10-03 14:32:30.300 13119 13119 E ashmem  : Pinning is deprecated since Android Q. Please use trim or other methods.
10-03 14:32:30.313 13119 13178 I EGL_emulation: Opening libGLESv1_CM_emulation.so
10-03 14:32:30.313 13119 13178 I EGL_emulation: Opening libGLESv2_emulation.so
10-03 14:32:30.320 13119 13178 W HWUI    : Failed to choose config with EGL_SWAP_BEHAVIOR_PRESERVED, retrying without...
10-03 14:32:30.320 13119 13178 W HWUI    : Failed to initialize 101010-2 format, error = EGL_SUCCESS
10-03 14:32:30.358 13119 13119 W unknown:BridgelessReact: ReactHost{0}.startSurface(surfaceId = 0): Schedule
10-03 14:32:30.358 13119 13119 W unknown:BridgelessReact: ReactHost{0}.attachSurface(surfaceId = 0)
10-03 14:32:30.359 13119 13182 W unknown:BridgelessReact: ReactHost{0}.getOrCreateReactInstanceTask()
10-03 14:32:30.359 13119 13182 W unknown:BridgelessReact: ReactHost{0}.getOrCreateReactInstanceTask(): Start
10-03 14:32:30.359 13119 13182 W unknown:BridgelessReact: ReactHost{0}.getJSBundleLoader()
10-03 14:32:30.359 13119 13182 W unknown:BridgelessReact: ReactHost{0}.getOrCreateReactInstanceTask(): Creating BridgelessReactContext
10-03 14:32:30.360 13119 13182 W unknown:BridgelessReact: ReactHost{0}.getOrCreateReactInstanceTask(): Creating ReactInstance
10-03 14:32:30.361 13119 13119 D CompatChangeReporter: Compat change id reported: 377864165; UID 10212; state: ENABLED
10-03 14:32:30.362 13119 13119 D DesktopModeFlags: Toggle override initialized to: OVERRIDE_UNSET
10-03 14:32:30.370 13119 13119 I com.ynx.social: hiddenapi: Accessing hidden method Landroid/view/ViewGroup;->makeOptionalFitsSystemWindows()V (runtime_flags=0, domain=platform, api=unsupported) from Landroidx/appcompat/widget/ViewUtils; (domain=app) using reflection: allowed
10-03 14:32:30.371 13119 13182 D nativeloader: Load /data/app/~~Ma7pNjNtt7YKNS-w8bDa-g==/com.ynx.social-jnU0x__CSk1ZN_nnzovsQg==/base.apk!/lib/arm64-v8a/libhermesvm.so using class loader ns clns-9 (caller=/data/app/~~Ma7pNjNtt7YKNS-w8bDa-g==/com.ynx.social-jnU0x__CSk1ZN_nnzovsQg==/base.apk!classes20.dex): ok
10-03 14:32:30.371 13119 13182 D nativeloader: Load /data/app/~~Ma7pNjNtt7YKNS-w8bDa-g==/com.ynx.social-jnU0x__CSk1ZN_nnzovsQg==/base.apk!/lib/arm64-v8a/libhermestooling.so using class loader ns clns-9 (caller=/data/app/~~Ma7pNjNtt7YKNS-w8bDa-g==/com.ynx.social-jnU0x__CSk1ZN_nnzovsQg==/base.apk!classes20.dex): ok
10-03 14:32:30.371 13119 13182 D jni_lib_merge: Entering merged library JNI_OnLoad.
10-03 14:32:30.371 13119 13182 D jni_lib_merge: Preparing 4 pre-merged libs (including stub)
10-03 14:32:30.371 13119 13182 D jni_lib_merge: Preparing to register libhermes_executor_so.  onload_func: 0x75b399bd58
10-03 14:32:30.371 13119 13182 D jni_lib_merge: Preparing to register libhermesinstancejni_so.  onload_func: 0x75b39cabf0
10-03 14:32:30.371 13119 13182 D jni_lib_merge: Preparing to register libjsijniprofiler_so.  onload_func: 0x75b39ccc68
10-03 14:32:30.371 13119 13182 D jni_lib_merge: About to register 3 actual methods.
10-03 14:32:30.372 13119 13119 W WindowOnBackDispatcher: OnBackInvokedCallback is not enabled for the application.
10-03 14:32:30.372 13119 13119 W WindowOnBackDispatcher: Set 'android:enableOnBackInvokedCallback="true"' in the application manifest.
10-03 14:32:30.376 13119 13119 W unknown:BridgelessReact: ReactHost{0}.onHostResume(activity)
10-03 14:32:30.376 13119 13119 W unknown:BridgelessReact: ReactHost{0}.ReactContext.onHostResume()
10-03 14:32:30.383 13119 13119 W HWUI    : Unknown dataspace 0
10-03 14:32:30.393   662   677 D CoreBackPreview: Window{4e837f u0 com.ynx.social/com.ynx.social.MainActivity}: Setting back callback OnBackInvokedCallbackInfo{mCallback=android.window.IOnBackInvokedCallback$Stub$Proxy@3886b95, mPriority=0, mIsAnimationCallback=false, mOverrideBehavior=0}
10-03 14:32:30.410   662   677 E AppOps  : attributionTag VCN not declared in manifest of android
10-03 14:32:30.429   662   682 I ActivityTaskManager: Displayed com.ynx.social/.MainActivity for user 0: +912ms
10-03 14:32:30.461   662   776 I ImeTracker: com.ynx.social:dc29114d: onRequestHide at ORIGIN_SERVER reason HIDE_UNSPECIFIED_WINDOW fromUser false
10-03 14:32:30.463  5999  5999 I GoogleInputMethodService: GoogleInputMethodService.onFinishInput():2043 
10-03 14:32:30.463   662   677 I ImeTracker: system_server:bfe49d7f: onRequestHide at ORIGIN_SERVER reason IME_REQUESTED_CHANGED_LISTENER fromUser false
10-03 14:32:30.464  5999  5999 I Module  : DeviceLockedStatusModuleProvider$Module.updateDeviceLockedStatus():100 repeatCheckTimes = 0, locked = false
10-03 14:32:30.465  5999  5999 I GoogleInputMethodService: GoogleInputMethodService.onStartInput():1293 onStartInput(EditorInfo{EditorInfo{packageName=com.ynx.social, inputType=0, inputTypeString=NULL, enableLearning=false, autoCorrection=false, autoComplete=false, imeOptions=0, privateImeOptions=null, actionName=UNSPECIFIED, actionLabel=null, initialSelStart=-1, initialSelEnd=-1, initialCapsMode=0, label=null, fieldId=0, fieldName=null, extras=null, hintText=null, hintLocales=[]}}, false)
10-03 14:32:30.465   662   685 I ImeTracker: system_server:bfe49d7f: onCancelled at PHASE_SERVER_SHOULD_HIDE
10-03 14:32:30.465  5999  5999 I Module  : DeviceLockedStatusModuleProvider$Module.updateDeviceLockedStatus():100 repeatCheckTimes = 1, locked = false
10-03 14:32:30.466  5999  5999 I EmojiCompatManager: EmojiCompatManager.getEmojiCompatIfLoaded():343 EmojiCompat.init() was never called.
10-03 14:32:30.466  5999  5999 I EmojiCompatManager: java.lang.IllegalStateException: EmojiCompat is not initialized. Please call EmojiCompat.init() first
10-03 14:32:30.466  5999  5999 I EmojiCompatManager: 	at asx.p(PG:6)
10-03 14:32:30.466  5999  5999 I EmojiCompatManager: 	at axb.b(PG:13)
10-03 14:32:30.466  5999  5999 I EmojiCompatManager: 	at jnr.b(PG:2)
10-03 14:32:30.466  5999  5999 I EmojiCompatManager: 	at jnr.c(PG:4)
10-03 14:32:30.466  5999  5999 I EmojiCompatManager: 	at jnr.f(PG:3)
10-03 14:32:30.466  5999  5999 I EmojiCompatManager: 	at jnx.c(PG:3)
10-03 14:32:30.466  5999  5999 I EmojiCompatManager: 	at kif.cz(PG:47)
10-03 14:32:30.466  5999  5999 I EmojiCompatManager: 	at lhl.run(PG:1025)
10-03 14:32:30.466  5999  5999 I EmojiCompatManager: 	at jaf.execute(PG:12)
10-03 14:32:30.466  5999  5999 I EmojiCompatManager: 	at nco.v(PG:13)
10-03 14:32:30.466  5999  5999 I EmojiCompatManager: 	at lhn.m(PG:96)
10-03 14:32:30.466  5999  5999 I EmojiCompatManager: 	at lhn.k(PG:25)
10-03 14:32:30.466  5999  5999 I EmojiCompatManager: 	at kgn.onStartInput(PG:250)
10-03 14:32:30.466  5999  5999 I EmojiCompatManager: 	at android.inputmethodservice.InputMethodService.doStartInput(InputMethodService.java:3521)
10-03 14:32:30.466  5999  5999 I EmojiCompatManager: 	at android.inputmethodservice.InputMethodService$InputMethodImpl.startInput(InputMethodService.java:879)
10-03 14:32:30.466  5999  5999 I EmojiCompatManager: 	at android.inputmethodservice.InputMethodService$InputMethodImpl.dispatchStartInput(InputMethodService.java:908)
10-03 14:32:30.466  5999  5999 I EmojiCompatManager: 	at android.inputmethodservice.IInputMethodWrapper.executeMessage(IInputMethodWrapper.java:201)
10-03 14:32:30.466  5999  5999 I EmojiCompatManager: 	at com.android.internal.os.HandlerCaller$MyHandler.handleMessage(HandlerCaller.java:44)
10-03 14:32:30.466  5999  5999 I EmojiCompatManager: 	at android.os.Handler.dispatchMessage(Handler.java:110)
10-03 14:32:30.466  5999  5999 I EmojiCompatManager: 	at android.os.Looper.loopOnce(Looper.java:248)
10-03 14:32:30.466  5999  5999 I EmojiCompatManager: 	at android.os.Looper.loop(Looper.java:338)
10-03 14:32:30.466  5999  5999 I EmojiCompatManager: 	at android.app.ActivityThread.main(ActivityThread.java:9067)
10-03 14:32:30.466  5999  5999 I EmojiCompatManager: 	at java.lang.reflect.Method.invoke(Native Method)
10-03 14:32:30.466  5999  5999 I EmojiCompatManager: 	at com.android.internal.os.RuntimeInit$MethodAndArgsCaller.run(RuntimeInit.java:593)
10-03 14:32:30.466  5999  5999 I EmojiCompatManager: 	at com.android.internal.os.ZygoteInit.main(ZygoteInit.java:932)
10-03 14:32:30.466   662   677 W PackageConfigPersister: App-specific configuration not found for packageName: com.ynx.social and userId: 0
10-03 14:32:30.467 13119 13119 D InsetsController: hide(ime(), fromIme=false)
10-03 14:32:30.467 13119 13119 I ImeTracker: com.ynx.social:dc29114d: onCancelled at PHASE_CLIENT_ALREADY_HIDDEN
10-03 14:32:30.489 13119 13182 I ExpoModulesCore: ✅ AppContext was initialized
10-03 14:32:30.525 13119 13182 W unknown:BridgelessReact: ReactHost{0}.getOrCreateReactInstanceTask(): Loading JS Bundle
10-03 14:32:30.527 13119 13182 W unknown:BridgelessReact: ReactHost{0}.getOrCreateReactInstanceTask(): DevSupportManager.onNewReactContextCreated()
10-03 14:32:30.527 13119 13182 W unknown:BridgelessReact: ReactHost{0}.startSurface(surfaceId = 0): Execute
10-03 14:32:30.528 13119 13119 W unknown:BridgelessReact: ReactHost{0}.ReactContext.onHostResume()
10-03 14:32:30.528 13119 13119 W unknown:BridgelessReact: ReactHost{0}.getOrCreateReactInstanceTask(): Executing ReactInstanceEventListeners
10-03 14:32:30.569 13119 13125 I com.ynx.social: Compiler allocated 5111KB to compile void android.view.ViewRootImpl.performTraversals()
10-03 14:32:30.717 13119 13183 D nativeloader: Load /data/app/~~Ma7pNjNtt7YKNS-w8bDa-g==/com.ynx.social-jnU0x__CSk1ZN_nnzovsQg==/base.apk!/lib/arm64-v8a/libexpo-modules-core.so using class loader ns clns-9 (caller=/data/app/~~Ma7pNjNtt7YKNS-w8bDa-g==/com.ynx.social-jnU0x__CSk1ZN_nnzovsQg==/base.apk!classes20.dex): ok
10-03 14:32:30.717 13119 13183 W BridgelessReactContext: [WARNING] Bridgeless doesn't support CatalystInstance. Accessing an API that's not part of the new architecture is not encouraged usage.
10-03 14:32:30.721 13119 13183 I ExpoModulesCore: ✅ JSI interop was installed
10-03 14:32:30.722 13119 13183 I ExpoModulesCore: ✅ Constants were exported
10-03 14:32:30.740 13119 13183 W unknown:ViewManagerPropertyUpdater: Could not find generated setter for class com.th3rdwave.safeareacontext.SafeAreaProviderManager
10-03 14:32:30.741 13119 13183 W unknown:ViewManagerPropertyUpdater: Could not find generated setter for class com.facebook.react.uimanager.LayoutShadowNode
10-03 14:32:30.742 13119 13183 W unknown:ViewManagerPropertyUpdater: Could not find generated setter for class expo.modules.kotlin.views.GroupViewManagerWrapper
10-03 14:32:30.742 13119 13183 W unknown:ViewManagerPropertyUpdater: Could not find generated setter for class com.th3rdwave.safeareacontext.SafeAreaViewManager
10-03 14:32:30.743 13119 13183 W unknown:ViewManagerPropertyUpdater: Could not find generated setter for class com.th3rdwave.safeareacontext.SafeAreaViewShadowNode
10-03 14:32:30.754 13119 13183 W unknown:ViewManagerPropertyUpdater: Could not find generated setter for class com.horcrux.svg.RenderableViewManager$DefsViewManager
10-03 14:32:30.754 13119 13183 W unknown:ViewManagerPropertyUpdater: Could not find generated setter for class com.horcrux.svg.VirtualViewManager$RenderableShadowNode
10-03 14:32:30.756 13119 13183 W unknown:ViewManagerPropertyUpdater: Could not find generated setter for class com.horcrux.svg.RenderableViewManager$FeMergeManager
10-03 14:32:30.757 13119 13183 W unknown:ViewManagerPropertyUpdater: Could not find generated setter for class com.facebook.react.views.safeareaview.ReactSafeAreaViewManager
10-03 14:32:30.759 13119 13183 W unknown:ViewManagerPropertyUpdater: Could not find generated setter for class com.horcrux.svg.RenderableViewManager$LinearGradientManager
10-03 14:32:30.760 13119 13183 W unknown:ViewManagerPropertyUpdater: Could not find generated setter for class com.horcrux.svg.RenderableViewManager$FeGaussianBlurManager
10-03 14:32:30.761 13119 13183 W unknown:ViewManagerPropertyUpdater: Could not find generated setter for class com.facebook.react.views.progressbar.ReactProgressBarViewManager
10-03 14:32:30.763 13119 13183 W unknown:ViewManagerPropertyUpdater: Could not find generated setter for class com.facebook.react.views.scroll.ReactHorizontalScrollViewManager
10-03 14:32:30.765 13119 13183 W unknown:ViewManagerPropertyUpdater: Could not find generated setter for class com.facebook.react.views.text.ReactTextViewManager
10-03 14:32:30.766 13119 13183 W unknown:ViewManagerPropertyUpdater: Could not find generated setter for class com.horcrux.svg.RenderableViewManager$FeColorMatrixManager
10-03 14:32:30.768 13119 13183 W unknown:ViewManagerPropertyUpdater: Could not find generated setter for class com.facebook.react.views.scroll.ReactHorizontalScrollContainerViewManager
10-03 14:32:30.769 13119 13183 W unknown:ViewManagerPropertyUpdater: Could not find generated setter for class com.horcrux.svg.RenderableViewManager$ClipPathViewManager
10-03 14:32:30.771 13119 13183 W unknown:ViewManagerPropertyUpdater: Could not find generated setter for class com.horcrux.svg.RenderableViewManager$SymbolManager
10-03 14:32:30.772 13119 13183 W unknown:ViewManagerPropertyUpdater: Could not find generated setter for class com.horcrux.svg.RenderableViewManager$PatternManager
10-03 14:32:30.774 13119 13183 W unknown:ViewManagerPropertyUpdater: Could not find generated setter for class com.horcrux.svg.RenderableViewManager$FeBlendManager
10-03 14:32:30.776 13119 13183 W unknown:ViewManagerPropertyUpdater: Could not find generated setter for class com.facebook.react.views.view.ReactViewManager
10-03 14:32:30.778 13119 13183 W unknown:ViewManagerPropertyUpdater: Could not find generated setter for class com.horcrux.svg.SvgViewManager
10-03 14:32:30.779 13119 13183 W unknown:ViewManagerPropertyUpdater: Could not find generated setter for class com.facebook.react.views.switchview.ReactSwitchManager
10-03 14:32:30.781 13119 13183 W unknown:ViewManagerPropertyUpdater: Could not find generated setter for class com.horcrux.svg.RenderableViewManager$UseViewManager
10-03 14:32:30.782 13119 13183 W unknown:ViewManagerPropertyUpdater: Could not find generated setter for class com.horcrux.svg.RenderableViewManager$CircleViewManager
10-03 14:32:30.784 13119 13183 W unknown:ViewManagerPropertyUpdater: Could not find generated setter for class com.horcrux.svg.RenderableViewManager$TSpanViewManager
10-03 14:32:30.785 13119 13183 W unknown:ViewManagerPropertyUpdater: Could not find generated setter for class com.horcrux.svg.RenderableViewManager$FilterManager
10-03 14:32:30.787 13119 13183 W unknown:ViewManagerPropertyUpdater: Could not find generated setter for class com.horcrux.svg.RenderableViewManager$MarkerManager
10-03 14:32:30.788 13119 13183 W unknown:ViewManagerPropertyUpdater: Could not find generated setter for class com.facebook.react.views.modal.ReactModalHostManager
10-03 14:32:30.789  1051  1155 V WindowManagerShell: Transition animation finished (aborted=false), notifying core (#77) android.os.BinderProxy@d3d0f70@0
10-03 14:32:30.790   662   682 V WindowManager: Finish Transition (#77): created at 10-03 14:32:29.353 collect-started=0.071ms request-sent=0.259ms started=6.334ms ready=918.34ms sent=919.527ms commit=16.774ms finished=1436.935ms
10-03 14:32:30.790   662   677 E IPCThreadState: Binder transaction failure. id: 1931203, BR_*: 29189, error: -22 (Invalid argument)
10-03 14:32:30.790   662   677 W ActivityManager: pid 662 system sent binder code 7 with flags 1 to frozen apps and got error -32
10-03 14:32:30.790   662   677 W WindowManager: Exception thrown during dispatchAppVisibility Window{7c04d12 u0 com.ynx.social/com.ynx.social.MainActivity EXITING}
10-03 14:32:30.790   662   677 W WindowManager: android.os.DeadObjectException
10-03 14:32:30.790   662   677 W WindowManager: 	at android.os.BinderProxy.transactNative(Native Method)
10-03 14:32:30.790   662   677 W WindowManager: 	at android.os.BinderProxy.transact(BinderProxy.java:592)
10-03 14:32:30.790   662   677 W WindowManager: 	at android.view.IWindow$Stub$Proxy.dispatchAppVisibility(IWindow.java:557)
10-03 14:32:30.790   662   677 W WindowManager: 	at com.android.server.wm.WindowState.sendAppVisibilityToClients(WindowState.java:3151)
10-03 14:32:30.790   662   677 W WindowManager: 	at com.android.server.wm.WindowContainer.sendAppVisibilityToClients(WindowContainer.java:1311)
10-03 14:32:30.790   662   677 W WindowManager: 	at com.android.server.wm.WindowToken.setClientVisible(WindowToken.java:389)
10-03 14:32:30.790   662   677 W WindowManager: 	at com.android.server.wm.ActivityRecord.setClientVisible(ActivityRecord.java:6650)
10-03 14:32:30.790   662   677 W WindowManager: 	at com.android.server.wm.ActivityRecord.commitVisibility(ActivityRecord.java:5561)
10-03 14:32:30.790   662   677 W WindowManager: 	at com.android.server.wm.Transition.finishTransition(Transition.java:1391)
10-03 14:32:30.790   662   677 W WindowManager: 	at com.android.server.wm.TransitionController.finishTransition(TransitionController.java:1029)
10-03 14:32:30.790   662   677 W WindowManager: 	at com.android.server.wm.WindowOrganizerController.finishTransition(WindowOrganizerController.java:496)
10-03 14:32:30.790   662   677 W WindowManager: 	at android.window.IWindowOrganizerController$Stub.onTransact(IWindowOrganizerController.java:261)
10-03 14:32:30.790   662   677 W WindowManager: 	at com.android.server.wm.WindowOrganizerController.onTransact(WindowOrganizerController.java:223)
10-03 14:32:30.790   662   677 W WindowManager: 	at android.os.Binder.execTransactInternal(Binder.java:1421)
10-03 14:32:30.790   662   677 W WindowManager: 	at android.os.Binder.execTransact(Binder.java:1365)
10-03 14:32:30.790   662   677 W Process : Unable to open /proc/12664/status
10-03 14:32:30.792 13119 13183 W unknown:ViewManagerPropertyUpdater: Could not find generated setter for class com.horcrux.svg.RenderableViewManager$ForeignObjectManager
10-03 14:32:30.794 13119 13183 W unknown:ViewManagerPropertyUpdater: Could not find generated setter for class com.horcrux.svg.RenderableViewManager$EllipseViewManager
10-03 14:32:30.795 13119 13183 W unknown:ViewManagerPropertyUpdater: Could not find generated setter for class com.horcrux.svg.RenderableViewManager$LineViewManager
10-03 14:32:30.796  1051  1155 V WindowManagerShell: Track 0 became idle
10-03 14:32:30.796  1051  1155 V WindowManagerShell: All active transition animations finished
10-03 14:32:30.797  1051  1187 W WindowOnBackDispatcher: sendCancelIfRunning: isInProgress=false callback=android.view.ViewRootImpl$$ExternalSyntheticLambda13@e58e193
10-03 14:32:30.797   662  1029 D CoreBackPreview: Window{3459c9f u0 Splash Screen com.ynx.social EXITING}: Setting back callback null
10-03 14:32:30.798  1375  1375 D BaseDepthController: setSurface:
10-03 14:32:30.798  1375  1375 D BaseDepthController: 	mWaitingOnSurfaceValidity: false
10-03 14:32:30.798  1375  1375 D BaseDepthController: 	mBaseSurface: null
10-03 14:32:30.798  1375  1375 D BaseDepthController: mSurface is null and mCurrentBlur is: 0
10-03 14:32:30.799 13119 13183 W unknown:ViewManagerPropertyUpdater: Could not find generated setter for class com.horcrux.svg.RenderableViewManager$FeFloodManager
10-03 14:32:30.799  1375  1375 D StateManager: goToState - fromState: Normal, toState: Normal, partial trace:
10-03 14:32:30.799  1375  1375 D StateManager: 	at com.android.launcher3.statemanager.StateManager.moveToRestState(go/retraceme ee19ec8c009da7af1d458e7d1683a6f5bf3b93b44f6674aa108e1a3e78584fe0:4)
10-03 14:32:30.799  1375  1375 D StateManager: 	at com.android.launcher3.statemanager.StateManager.moveToRestState(go/retraceme ee19ec8c009da7af1d458e7d1683a6f5bf3b93b44f6674aa108e1a3e78584fe0:1)
10-03 14:32:30.799  1375  1375 D StateManager: 	at com.android.launcher3.statemanager.StatefulActivity.onStop(go/retraceme ee19ec8c009da7af1d458e7d1683a6f5bf3b93b44f6674aa108e1a3e78584fe0:34)
10-03 14:32:30.799  1375  1375 D StatsLog: LAUNCHER_ONSTOP
10-03 14:32:30.800  1375  1375 D StatsLog: LAUNCHER_GOOGLE_SEARCH_RESTORE_LIST_SIZE_AFTER_ACTIVITY_RESTART
10-03 14:32:30.801  1375  1375 D NexusLauncherModelDelegate: notifySmartspaceEvent: SmartspaceTargetEvent{mSmartspaceTarget=null, mSmartspaceActionId='null', mEventType=7}
10-03 14:32:30.801  1375  1375 D RecentsView: onTaskRemoved: 31, not handling task stack changes
10-03 14:32:30.801  1375  1375 D RecentsView: onTaskRemoved: 31, not handling task stack changes
10-03 14:32:30.803 13119 13183 W unknown:ViewManagerPropertyUpdater: Could not find generated setter for class com.horcrux.svg.RenderableViewManager$GroupViewManager
10-03 14:32:30.804 13119 13183 W unknown:ViewManagerPropertyUpdater: Could not find generated setter for class com.horcrux.svg.RenderableViewManager$TextViewManager
10-03 14:32:30.806  1375  1375 D NexusLauncherModelDelegate: notifySmartspaceEvent: SmartspaceTargetEvent{mSmartspaceTarget=null, mSmartspaceActionId='null', mEventType=7}
10-03 14:32:30.807 13119 13183 W unknown:ViewManagerPropertyUpdater: Could not find generated setter for class com.horcrux.svg.RenderableViewManager$ImageViewManager
10-03 14:32:30.809 13119 13183 W unknown:ViewManagerPropertyUpdater: Could not find generated setter for class com.horcrux.svg.RenderableViewManager$FeCompositeManager
10-03 14:32:30.810   662  1011 D BackgroundInstallControlService: Package event received: 0
10-03 14:32:30.811 13119 13183 W unknown:ViewManagerPropertyUpdater: Could not find generated setter for class com.facebook.react.views.image.ReactImageManager
10-03 14:32:30.812 13119 13183 W unknown:ViewManagerPropertyUpdater: Could not find generated setter for class com.horcrux.svg.RenderableViewManager$RadialGradientManager
10-03 14:32:30.814 13119 13183 W unknown:ViewManagerPropertyUpdater: Could not find generated setter for class com.horcrux.svg.RenderableViewManager$MaskManager
10-03 14:32:30.815 13119 13183 W unknown:ViewManagerPropertyUpdater: Could not find generated setter for class com.facebook.react.views.unimplementedview.ReactUnimplementedViewManager
10-03 14:32:30.816 13119 13183 W unknown:ViewManagerPropertyUpdater: Could not find generated setter for class com.horcrux.svg.RenderableViewManager$RectViewManager
10-03 14:32:30.818 13119 13183 W unknown:ViewManagerPropertyUpdater: Could not find generated setter for class com.horcrux.svg.RenderableViewManager$TextPathViewManager
10-03 14:32:30.820 13119 13183 W unknown:ViewManagerPropertyUpdater: Could not find generated setter for class com.facebook.react.views.scroll.ReactScrollViewManager
10-03 14:32:30.822 13119 13183 W unknown:ViewManagerPropertyUpdater: Could not find generated setter for class com.horcrux.svg.RenderableViewManager$FeOffsetManager
10-03 14:32:30.824 13119 13183 W unknown:ViewManagerPropertyUpdater: Could not find generated setter for class com.horcrux.svg.RenderableViewManager$PathViewManager
10-03 14:32:30.826 13119 13183 W unknown:ViewManagerPropertyUpdater: Could not find generated setter for class com.facebook.react.views.drawer.ReactDrawerLayoutManager
10-03 14:32:30.827 13119 13183 W unknown:ViewManagerPropertyUpdater: Could not find generated setter for class com.facebook.react.views.swiperefresh.SwipeRefreshLayoutManager
10-03 14:32:30.829 13119 13183 W unknown:ViewManagerPropertyUpdater: Could not find generated setter for class com.facebook.react.views.textinput.ReactTextInputManager
10-03 14:32:30.832 13119 13183 W unknown:ViewManagerPropertyUpdater: Could not find generated setter for class com.facebook.react.views.text.SelectableTextViewManager
10-03 14:32:30.833 13119 13183 W unknown:ViewManagerPropertyUpdater: Could not find generated setter for class com.facebook.react.views.virtual.view.ReactVirtualViewManager
10-03 14:32:30.839   520   520 E BpTransactionCompletedListener: Failed to transact (-32)
10-03 14:32:30.885  6661  6987 I FontLog : (REDACTED) Received query %s, URI %s
10-03 14:32:30.885  6661  6987 I FontLog : (REDACTED) Query [%s] resolved to %s
10-03 14:32:30.886  6661  6987 I FontLog : (REDACTED) Fetch %s end status %s
10-03 14:32:30.888  6661  6987 I FontLog : (REDACTED) Pulling font file for id = %d, cache size = %d
10-03 14:32:30.893  6661  6987 I FontLog : (REDACTED) Pulling font file for id = %d, cache size = %d
10-03 14:32:30.998  5967  6033 I Finsky  : [51] WM::SCH: Logging work initialize for 12-1
10-03 14:32:31.002  5967  6033 I Finsky  : [51] WM::SCH: Logging work initialize for 12-1
10-03 14:32:31.004  5967  6058 I Finsky  : [61] SCH: Scheduling phonesky job Id: 12-1, CT: 1791009149694, Constraints: [{ L: 15000, D: 86400000, C: CHARGING_NONE, I: IDLE_NONE, N: NET_ANY, B: BATTERY_ANY }]
10-03 14:32:31.006  5967  6041 I Finsky  : [57] SCH: Scheduling 1 system job(s)
10-03 14:32:31.006  5967  6041 I Finsky  : [57] SCH: Scheduling system job Id: 9299, L: 13688, D: 65855155, C: false, I: false, N: 1
10-03 14:32:31.010  5967  6035 I Finsky  : [53] [ContentSync] finished, scheduled=true
10-03 14:32:31.010  5967  6073 I Finsky  : [66] SCH: Scheduling phonesky job Id: 12-1, CT: 1791009149763, Constraints: [{ L: 15000, D: 86400000, C: CHARGING_NONE, I: IDLE_NONE, N: NET_ANY, B: BATTERY_ANY }]
10-03 14:32:31.011  5967  6058 I Finsky  : [61] SCH: Scheduling 0 system job(s)
10-03 14:32:31.012  5967  6058 I Finsky  : [61] [ContentSync] finished, scheduled=true
10-03 14:32:31.561 13119 13183 I ReactNativeJS: Running "main"
10-03 14:32:31.610 13119 13183 W ExpoModulesCore: Introspectable data is missing for class com.ynx.social.matrix.MatrixBindingRecord. Falling back to reflection-based conversion, which may have performance implications. To fix this, ensure that the Record class is properly annotated with expo.modules.kotlin.types.Introspectable and that the necessary metadata is available at runtime.
10-03 14:32:31.617 13119 13183 I ReactNativeJS: YNX_MATRIX_MEDIA_INSTALLED_GUARD {"open":"function","release":"function","noSession":"PASS_MATRIX_NATIVE_SESSION_REQUIRED","retiredRelease":"PASS_IDEMPOTENT"}
10-03 14:32:31.704 13119 13201 D nativeloader: Load /data/app/~~Ma7pNjNtt7YKNS-w8bDa-g==/com.ynx.social-jnU0x__CSk1ZN_nnzovsQg==/base.apk!/lib/arm64-v8a/libimagepipeline.so using class loader ns clns-9 (caller=/data/app/~~Ma7pNjNtt7YKNS-w8bDa-g==/com.ynx.social-jnU0x__CSk1ZN_nnzovsQg==/base.apk!classes20.dex): ok
10-03 14:32:31.744 13119 13202 W HWUI    : Image decoding logging dropped!
10-03 14:32:33.537   662  3119 E TaskPersister: File error accessing recents directory (directory doesn't exist?).
