Command line invocation:
    /Applications/Xcode.app/Contents/Developer/usr/bin/xcodebuild -project apps/music/ios/YNXMusic.xcodeproj -scheme YNXMusic -configuration Debug -sdk iphonesimulator -derivedDataPath /var/folders/nd/ks11whcs64b4nsy5xpjvj7540000gn/T/ynx-music-apple-native-pQfTnk/YNXMusic CODE_SIGNING_ALLOWED=NO -destination "generic/platform=iOS Simulator" build

Build settings from command line:
    CODE_SIGNING_ALLOWED = NO
    SDKROOT = iphonesimulator27.0

2026-10-04 01:26:23.284 xcodebuild[38332:4834416] [MT] IDERunDestination: Supported platforms for the buildables in the current scheme is empty.
ComputePackagePrebuildTargetDependencyGraph

Prepare packages

CreateBuildRequest

SendProjectDescription

CreateBuildOperation

ComputeTargetDependencyGraph
note: Building targets in dependency order
note: Target dependency graph (1 target)
    Target 'YNXMusic' in project 'YNXMusic' (no dependencies)

GatherProvisioningInputs

CreateBuildDescription

ExecuteExternalTool /Applications/Xcode.app/Contents/Developer/Toolchains/XcodeDefault.xctoolchain/usr/bin/clang -v -E -dM -isysroot /Applications/Xcode.app/Contents/Developer/Platforms/iPhoneSimulator.platform/Developer/SDKs/iPhoneSimulator27.0.sdk -x c -c /dev/null

ExecuteExternalTool /Applications/Xcode.app/Contents/Developer/Toolchains/XcodeDefault.xctoolchain/usr/bin/swiftc --version

ExecuteExternalTool /Applications/Xcode.app/Contents/Developer/Toolchains/XcodeDefault.xctoolchain/usr/bin/ld -version_details

Build description signature: 474ae8fd812aaab3fd02aae9503e26b2
Build description path: /var/folders/nd/ks11whcs64b4nsy5xpjvj7540000gn/T/ynx-music-apple-native-pQfTnk/YNXMusic/Build/Intermediates.noindex/XCBuildData/474ae8fd812aaab3fd02aae9503e26b2.xcbuilddata
CreateBuildDirectory /var/folders/nd/ks11whcs64b4nsy5xpjvj7540000gn/T/ynx-music-apple-native-pQfTnk/YNXMusic/SDKExplicitPrecompiledModules
    cd /Users/huangjiahao/Desktop/YNX\ Audit\ Worktrees/20260906-video/apps/music/ios/YNXMusic.xcodeproj
    builtin-create-build-directory /var/folders/nd/ks11whcs64b4nsy5xpjvj7540000gn/T/ynx-music-apple-native-pQfTnk/YNXMusic/SDKExplicitPrecompiledModules

CreateBuildDirectory /var/folders/nd/ks11whcs64b4nsy5xpjvj7540000gn/T/ynx-music-apple-native-pQfTnk/YNXMusic/CompilationCache.noindex
    cd /Users/huangjiahao/Desktop/YNX\ Audit\ Worktrees/20260906-video/apps/music/ios/YNXMusic.xcodeproj
    builtin-create-build-directory /var/folders/nd/ks11whcs64b4nsy5xpjvj7540000gn/T/ynx-music-apple-native-pQfTnk/YNXMusic/CompilationCache.noindex

CreateBuildDirectory /var/folders/nd/ks11whcs64b4nsy5xpjvj7540000gn/T/ynx-music-apple-native-pQfTnk/YNXMusic/Build/Intermediates.noindex
    cd /Users/huangjiahao/Desktop/YNX\ Audit\ Worktrees/20260906-video/apps/music/ios/YNXMusic.xcodeproj
    builtin-create-build-directory /var/folders/nd/ks11whcs64b4nsy5xpjvj7540000gn/T/ynx-music-apple-native-pQfTnk/YNXMusic/Build/Intermediates.noindex

CreateBuildDirectory /var/folders/nd/ks11whcs64b4nsy5xpjvj7540000gn/T/ynx-music-apple-native-pQfTnk/YNXMusic/ModuleCache.noindex
    cd /Users/huangjiahao/Desktop/YNX\ Audit\ Worktrees/20260906-video/apps/music/ios/YNXMusic.xcodeproj
    builtin-create-build-directory /var/folders/nd/ks11whcs64b4nsy5xpjvj7540000gn/T/ynx-music-apple-native-pQfTnk/YNXMusic/ModuleCache.noindex

CreateBuildDirectory /var/folders/nd/ks11whcs64b4nsy5xpjvj7540000gn/T/ynx-music-apple-native-pQfTnk/YNXMusic/Build/Products
    cd /Users/huangjiahao/Desktop/YNX\ Audit\ Worktrees/20260906-video/apps/music/ios/YNXMusic.xcodeproj
    builtin-create-build-directory /var/folders/nd/ks11whcs64b4nsy5xpjvj7540000gn/T/ynx-music-apple-native-pQfTnk/YNXMusic/Build/Products

ClangStatCache /Applications/Xcode.app/Contents/Developer/Toolchains/XcodeDefault.xctoolchain/usr/bin/clang-stat-cache /Applications/Xcode.app/Contents/Developer/Platforms/iPhoneSimulator.platform/Developer/SDKs/iPhoneSimulator27.0.sdk /var/folders/nd/ks11whcs64b4nsy5xpjvj7540000gn/T/ynx-music-apple-native-pQfTnk/YNXMusic/SDKStatCaches.noindex/iphonesimulator27.0-24A430-8dc58220667be655e1bcc261a7455254.sdkstatcache
    cd /Users/huangjiahao/Desktop/YNX\ Audit\ Worktrees/20260906-video/apps/music/ios/YNXMusic.xcodeproj
    /Applications/Xcode.app/Contents/Developer/Toolchains/XcodeDefault.xctoolchain/usr/bin/clang-stat-cache /Applications/Xcode.app/Contents/Developer/Platforms/iPhoneSimulator.platform/Developer/SDKs/iPhoneSimulator27.0.sdk -o /var/folders/nd/ks11whcs64b4nsy5xpjvj7540000gn/T/ynx-music-apple-native-pQfTnk/YNXMusic/SDKStatCaches.noindex/iphonesimulator27.0-24A430-8dc58220667be655e1bcc261a7455254.sdkstatcache

CreateBuildDirectory /var/folders/nd/ks11whcs64b4nsy5xpjvj7540000gn/T/ynx-music-apple-native-pQfTnk/YNXMusic/Build/Intermediates.noindex/ExplicitPrecompiledModules
    cd /Users/huangjiahao/Desktop/YNX\ Audit\ Worktrees/20260906-video/apps/music/ios/YNXMusic.xcodeproj
    builtin-create-build-directory /var/folders/nd/ks11whcs64b4nsy5xpjvj7540000gn/T/ynx-music-apple-native-pQfTnk/YNXMusic/Build/Intermediates.noindex/ExplicitPrecompiledModules

CreateBuildDirectory /var/folders/nd/ks11whcs64b4nsy5xpjvj7540000gn/T/ynx-music-apple-native-pQfTnk/YNXMusic/Build/Intermediates.noindex/SwiftExplicitPrecompiledModules
    cd /Users/huangjiahao/Desktop/YNX\ Audit\ Worktrees/20260906-video/apps/music/ios/YNXMusic.xcodeproj
    builtin-create-build-directory /var/folders/nd/ks11whcs64b4nsy5xpjvj7540000gn/T/ynx-music-apple-native-pQfTnk/YNXMusic/Build/Intermediates.noindex/SwiftExplicitPrecompiledModules

CreateBuildDirectory /var/folders/nd/ks11whcs64b4nsy5xpjvj7540000gn/T/ynx-music-apple-native-pQfTnk/YNXMusic/Build/Intermediates.noindex/PrecompiledHeaders
    cd /Users/huangjiahao/Desktop/YNX\ Audit\ Worktrees/20260906-video/apps/music/ios/YNXMusic.xcodeproj
    builtin-create-build-directory /var/folders/nd/ks11whcs64b4nsy5xpjvj7540000gn/T/ynx-music-apple-native-pQfTnk/YNXMusic/Build/Intermediates.noindex/PrecompiledHeaders

CreateBuildDirectory /var/folders/nd/ks11whcs64b4nsy5xpjvj7540000gn/T/ynx-music-apple-native-pQfTnk/YNXMusic/Build/Products/Debug-iphonesimulator
    cd /Users/huangjiahao/Desktop/YNX\ Audit\ Worktrees/20260906-video/apps/music/ios/YNXMusic.xcodeproj
    builtin-create-build-directory /var/folders/nd/ks11whcs64b4nsy5xpjvj7540000gn/T/ynx-music-apple-native-pQfTnk/YNXMusic/Build/Products/Debug-iphonesimulator

CreateBuildDirectory /var/folders/nd/ks11whcs64b4nsy5xpjvj7540000gn/T/ynx-music-apple-native-pQfTnk/YNXMusic/Build/Intermediates.noindex/EagerLinkingTBDs/Debug-iphonesimulator
    cd /Users/huangjiahao/Desktop/YNX\ Audit\ Worktrees/20260906-video/apps/music/ios/YNXMusic.xcodeproj
    builtin-create-build-directory /var/folders/nd/ks11whcs64b4nsy5xpjvj7540000gn/T/ynx-music-apple-native-pQfTnk/YNXMusic/Build/Intermediates.noindex/EagerLinkingTBDs/Debug-iphonesimulator

WriteAuxiliaryFile /var/folders/nd/ks11whcs64b4nsy5xpjvj7540000gn/T/ynx-music-apple-native-pQfTnk/YNXMusic/Build/Intermediates.noindex/YNXMusic.build/Debug-iphonesimulator/YNXMusic-611bce7c1ae9b9e3e87f91a5319b72cf-VFS-iphonesimulator/all-product-headers.yaml
    cd /Users/huangjiahao/Desktop/YNX\ Audit\ Worktrees/20260906-video/apps/music/ios/YNXMusic.xcodeproj
    write-file /var/folders/nd/ks11whcs64b4nsy5xpjvj7540000gn/T/ynx-music-apple-native-pQfTnk/YNXMusic/Build/Intermediates.noindex/YNXMusic.build/Debug-iphonesimulator/YNXMusic-611bce7c1ae9b9e3e87f91a5319b72cf-VFS-iphonesimulator/all-product-headers.yaml

WriteAuxiliaryFile /var/folders/nd/ks11whcs64b4nsy5xpjvj7540000gn/T/ynx-music-apple-native-pQfTnk/YNXMusic/Build/Intermediates.noindex/YNXMusic.build/Debug-iphonesimulator/YNXMusic.build/YNXMusic-own-target-headers.hmap (in target 'YNXMusic' from project 'YNXMusic')
    cd /Users/huangjiahao/Desktop/YNX\ Audit\ Worktrees/20260906-video/apps/music/ios
    write-file /var/folders/nd/ks11whcs64b4nsy5xpjvj7540000gn/T/ynx-music-apple-native-pQfTnk/YNXMusic/Build/Intermediates.noindex/YNXMusic.build/Debug-iphonesimulator/YNXMusic.build/YNXMusic-own-target-headers.hmap

WriteAuxiliaryFile /var/folders/nd/ks11whcs64b4nsy5xpjvj7540000gn/T/ynx-music-apple-native-pQfTnk/YNXMusic/Build/Intermediates.noindex/YNXMusic.build/Debug-iphonesimulator/YNXMusic.build/YNXMusic.DependencyMetadataFileList (in target 'YNXMusic' from project 'YNXMusic')
    cd /Users/huangjiahao/Desktop/YNX\ Audit\ Worktrees/20260906-video/apps/music/ios
    write-file /var/folders/nd/ks11whcs64b4nsy5xpjvj7540000gn/T/ynx-music-apple-native-pQfTnk/YNXMusic/Build/Intermediates.noindex/YNXMusic.build/Debug-iphonesimulator/YNXMusic.build/YNXMusic.DependencyMetadataFileList

WriteAuxiliaryFile /var/folders/nd/ks11whcs64b4nsy5xpjvj7540000gn/T/ynx-music-apple-native-pQfTnk/YNXMusic/Build/Intermediates.noindex/YNXMusic.build/Debug-iphonesimulator/YNXMusic.build/YNXMusic.hmap (in target 'YNXMusic' from project 'YNXMusic')
    cd /Users/huangjiahao/Desktop/YNX\ Audit\ Worktrees/20260906-video/apps/music/ios
    write-file /var/folders/nd/ks11whcs64b4nsy5xpjvj7540000gn/T/ynx-music-apple-native-pQfTnk/YNXMusic/Build/Intermediates.noindex/YNXMusic.build/Debug-iphonesimulator/YNXMusic.build/YNXMusic.hmap

WriteAuxiliaryFile /var/folders/nd/ks11whcs64b4nsy5xpjvj7540000gn/T/ynx-music-apple-native-pQfTnk/YNXMusic/Build/Intermediates.noindex/YNXMusic.build/Debug-iphonesimulator/YNXMusic.build/YNXMusic-all-non-framework-target-headers.hmap (in target 'YNXMusic' from project 'YNXMusic')
    cd /Users/huangjiahao/Desktop/YNX\ Audit\ Worktrees/20260906-video/apps/music/ios
    write-file /var/folders/nd/ks11whcs64b4nsy5xpjvj7540000gn/T/ynx-music-apple-native-pQfTnk/YNXMusic/Build/Intermediates.noindex/YNXMusic.build/Debug-iphonesimulator/YNXMusic.build/YNXMusic-all-non-framework-target-headers.hmap

WriteAuxiliaryFile /var/folders/nd/ks11whcs64b4nsy5xpjvj7540000gn/T/ynx-music-apple-native-pQfTnk/YNXMusic/Build/Intermediates.noindex/YNXMusic.build/Debug-iphonesimulator/YNXMusic.build/YNXMusic-all-target-headers.hmap (in target 'YNXMusic' from project 'YNXMusic')
    cd /Users/huangjiahao/Desktop/YNX\ Audit\ Worktrees/20260906-video/apps/music/ios
    write-file /var/folders/nd/ks11whcs64b4nsy5xpjvj7540000gn/T/ynx-music-apple-native-pQfTnk/YNXMusic/Build/Intermediates.noindex/YNXMusic.build/Debug-iphonesimulator/YNXMusic.build/YNXMusic-all-target-headers.hmap

WriteAuxiliaryFile /var/folders/nd/ks11whcs64b4nsy5xpjvj7540000gn/T/ynx-music-apple-native-pQfTnk/YNXMusic/Build/Intermediates.noindex/YNXMusic.build/Debug-iphonesimulator/YNXMusic.build/YNXMusic-generated-files.hmap (in target 'YNXMusic' from project 'YNXMusic')
    cd /Users/huangjiahao/Desktop/YNX\ Audit\ Worktrees/20260906-video/apps/music/ios
    write-file /var/folders/nd/ks11whcs64b4nsy5xpjvj7540000gn/T/ynx-music-apple-native-pQfTnk/YNXMusic/Build/Intermediates.noindex/YNXMusic.build/Debug-iphonesimulator/YNXMusic.build/YNXMusic-generated-files.hmap

WriteAuxiliaryFile /var/folders/nd/ks11whcs64b4nsy5xpjvj7540000gn/T/ynx-music-apple-native-pQfTnk/YNXMusic/Build/Intermediates.noindex/YNXMusic.build/Debug-iphonesimulator/YNXMusic.build/YNXMusic.DependencyStaticMetadataFileList (in target 'YNXMusic' from project 'YNXMusic')
    cd /Users/huangjiahao/Desktop/YNX\ Audit\ Worktrees/20260906-video/apps/music/ios
    write-file /var/folders/nd/ks11whcs64b4nsy5xpjvj7540000gn/T/ynx-music-apple-native-pQfTnk/YNXMusic/Build/Intermediates.noindex/YNXMusic.build/Debug-iphonesimulator/YNXMusic.build/YNXMusic.DependencyStaticMetadataFileList

WriteAuxiliaryFile /var/folders/nd/ks11whcs64b4nsy5xpjvj7540000gn/T/ynx-music-apple-native-pQfTnk/YNXMusic/Build/Intermediates.noindex/YNXMusic.build/Debug-iphonesimulator/YNXMusic.build/YNXMusic-project-headers.hmap (in target 'YNXMusic' from project 'YNXMusic')
    cd /Users/huangjiahao/Desktop/YNX\ Audit\ Worktrees/20260906-video/apps/music/ios
    write-file /var/folders/nd/ks11whcs64b4nsy5xpjvj7540000gn/T/ynx-music-apple-native-pQfTnk/YNXMusic/Build/Intermediates.noindex/YNXMusic.build/Debug-iphonesimulator/YNXMusic.build/YNXMusic-project-headers.hmap

WriteAuxiliaryFile /var/folders/nd/ks11whcs64b4nsy5xpjvj7540000gn/T/ynx-music-apple-native-pQfTnk/YNXMusic/Build/Intermediates.noindex/YNXMusic.build/Debug-iphonesimulator/YNXMusic.build/Objects-normal/x86_64/YNXMusic_const_extract_protocols.json (in target 'YNXMusic' from project 'YNXMusic')
    cd /Users/huangjiahao/Desktop/YNX\ Audit\ Worktrees/20260906-video/apps/music/ios
    write-file /var/folders/nd/ks11whcs64b4nsy5xpjvj7540000gn/T/ynx-music-apple-native-pQfTnk/YNXMusic/Build/Intermediates.noindex/YNXMusic.build/Debug-iphonesimulator/YNXMusic.build/Objects-normal/x86_64/YNXMusic_const_extract_protocols.json

WriteAuxiliaryFile /var/folders/nd/ks11whcs64b4nsy5xpjvj7540000gn/T/ynx-music-apple-native-pQfTnk/YNXMusic/Build/Intermediates.noindex/YNXMusic.build/Debug-iphonesimulator/YNXMusic.build/Objects-normal/x86_64/YNXMusic.SwiftFileList (in target 'YNXMusic' from project 'YNXMusic')
    cd /Users/huangjiahao/Desktop/YNX\ Audit\ Worktrees/20260906-video/apps/music/ios
    write-file /var/folders/nd/ks11whcs64b4nsy5xpjvj7540000gn/T/ynx-music-apple-native-pQfTnk/YNXMusic/Build/Intermediates.noindex/YNXMusic.build/Debug-iphonesimulator/YNXMusic.build/Objects-normal/x86_64/YNXMusic.SwiftFileList

WriteAuxiliaryFile /var/folders/nd/ks11whcs64b4nsy5xpjvj7540000gn/T/ynx-music-apple-native-pQfTnk/YNXMusic/Build/Intermediates.noindex/YNXMusic.build/Debug-iphonesimulator/YNXMusic.build/Objects-normal/x86_64/YNXMusic.SwiftConstValuesFileList (in target 'YNXMusic' from project 'YNXMusic')
    cd /Users/huangjiahao/Desktop/YNX\ Audit\ Worktrees/20260906-video/apps/music/ios
    write-file /var/folders/nd/ks11whcs64b4nsy5xpjvj7540000gn/T/ynx-music-apple-native-pQfTnk/YNXMusic/Build/Intermediates.noindex/YNXMusic.build/Debug-iphonesimulator/YNXMusic.build/Objects-normal/x86_64/YNXMusic.SwiftConstValuesFileList

WriteAuxiliaryFile /var/folders/nd/ks11whcs64b4nsy5xpjvj7540000gn/T/ynx-music-apple-native-pQfTnk/YNXMusic/Build/Intermediates.noindex/YNXMusic.build/Debug-iphonesimulator/YNXMusic.build/Objects-normal/x86_64/YNXMusic.LinkFileList (in target 'YNXMusic' from project 'YNXMusic')
    cd /Users/huangjiahao/Desktop/YNX\ Audit\ Worktrees/20260906-video/apps/music/ios
    write-file /var/folders/nd/ks11whcs64b4nsy5xpjvj7540000gn/T/ynx-music-apple-native-pQfTnk/YNXMusic/Build/Intermediates.noindex/YNXMusic.build/Debug-iphonesimulator/YNXMusic.build/Objects-normal/x86_64/YNXMusic.LinkFileList

WriteAuxiliaryFile /var/folders/nd/ks11whcs64b4nsy5xpjvj7540000gn/T/ynx-music-apple-native-pQfTnk/YNXMusic/Build/Intermediates.noindex/YNXMusic.build/Debug-iphonesimulator/YNXMusic.build/Objects-normal/x86_64/YNXMusic-OutputFileMap.json (in target 'YNXMusic' from project 'YNXMusic')
    cd /Users/huangjiahao/Desktop/YNX\ Audit\ Worktrees/20260906-video/apps/music/ios
    write-file /var/folders/nd/ks11whcs64b4nsy5xpjvj7540000gn/T/ynx-music-apple-native-pQfTnk/YNXMusic/Build/Intermediates.noindex/YNXMusic.build/Debug-iphonesimulator/YNXMusic.build/Objects-normal/x86_64/YNXMusic-OutputFileMap.json

WriteAuxiliaryFile /var/folders/nd/ks11whcs64b4nsy5xpjvj7540000gn/T/ynx-music-apple-native-pQfTnk/YNXMusic/Build/Intermediates.noindex/YNXMusic.build/Debug-iphonesimulator/YNXMusic.build/Objects-normal/arm64/YNXMusic.SwiftFileList (in target 'YNXMusic' from project 'YNXMusic')
    cd /Users/huangjiahao/Desktop/YNX\ Audit\ Worktrees/20260906-video/apps/music/ios
    write-file /var/folders/nd/ks11whcs64b4nsy5xpjvj7540000gn/T/ynx-music-apple-native-pQfTnk/YNXMusic/Build/Intermediates.noindex/YNXMusic.build/Debug-iphonesimulator/YNXMusic.build/Objects-normal/arm64/YNXMusic.SwiftFileList

WriteAuxiliaryFile /var/folders/nd/ks11whcs64b4nsy5xpjvj7540000gn/T/ynx-music-apple-native-pQfTnk/YNXMusic/Build/Intermediates.noindex/YNXMusic.build/Debug-iphonesimulator/YNXMusic.build/Objects-normal/arm64/YNXMusic.SwiftConstValuesFileList (in target 'YNXMusic' from project 'YNXMusic')
    cd /Users/huangjiahao/Desktop/YNX\ Audit\ Worktrees/20260906-video/apps/music/ios
    write-file /var/folders/nd/ks11whcs64b4nsy5xpjvj7540000gn/T/ynx-music-apple-native-pQfTnk/YNXMusic/Build/Intermediates.noindex/YNXMusic.build/Debug-iphonesimulator/YNXMusic.build/Objects-normal/arm64/YNXMusic.SwiftConstValuesFileList

WriteAuxiliaryFile /var/folders/nd/ks11whcs64b4nsy5xpjvj7540000gn/T/ynx-music-apple-native-pQfTnk/YNXMusic/Build/Intermediates.noindex/YNXMusic.build/Debug-iphonesimulator/YNXMusic.build/Objects-normal/arm64/YNXMusic_const_extract_protocols.json (in target 'YNXMusic' from project 'YNXMusic')
    cd /Users/huangjiahao/Desktop/YNX\ Audit\ Worktrees/20260906-video/apps/music/ios
    write-file /var/folders/nd/ks11whcs64b4nsy5xpjvj7540000gn/T/ynx-music-apple-native-pQfTnk/YNXMusic/Build/Intermediates.noindex/YNXMusic.build/Debug-iphonesimulator/YNXMusic.build/Objects-normal/arm64/YNXMusic_const_extract_protocols.json

WriteAuxiliaryFile /var/folders/nd/ks11whcs64b4nsy5xpjvj7540000gn/T/ynx-music-apple-native-pQfTnk/YNXMusic/Build/Intermediates.noindex/YNXMusic.build/Debug-iphonesimulator/YNXMusic.build/Objects-normal/arm64/YNXMusic.LinkFileList (in target 'YNXMusic' from project 'YNXMusic')
    cd /Users/huangjiahao/Desktop/YNX\ Audit\ Worktrees/20260906-video/apps/music/ios
    write-file /var/folders/nd/ks11whcs64b4nsy5xpjvj7540000gn/T/ynx-music-apple-native-pQfTnk/YNXMusic/Build/Intermediates.noindex/YNXMusic.build/Debug-iphonesimulator/YNXMusic.build/Objects-normal/arm64/YNXMusic.LinkFileList

WriteAuxiliaryFile /var/folders/nd/ks11whcs64b4nsy5xpjvj7540000gn/T/ynx-music-apple-native-pQfTnk/YNXMusic/Build/Intermediates.noindex/YNXMusic.build/Debug-iphonesimulator/YNXMusic.build/Objects-normal/arm64/YNXMusic-OutputFileMap.json (in target 'YNXMusic' from project 'YNXMusic')
    cd /Users/huangjiahao/Desktop/YNX\ Audit\ Worktrees/20260906-video/apps/music/ios
    write-file /var/folders/nd/ks11whcs64b4nsy5xpjvj7540000gn/T/ynx-music-apple-native-pQfTnk/YNXMusic/Build/Intermediates.noindex/YNXMusic.build/Debug-iphonesimulator/YNXMusic.build/Objects-normal/arm64/YNXMusic-OutputFileMap.json

MkDir /var/folders/nd/ks11whcs64b4nsy5xpjvj7540000gn/T/ynx-music-apple-native-pQfTnk/YNXMusic/Build/Products/Debug-iphonesimulator/YNXMusic.app (in target 'YNXMusic' from project 'YNXMusic')
    cd /Users/huangjiahao/Desktop/YNX\ Audit\ Worktrees/20260906-video/apps/music/ios
    /bin/mkdir -p /var/folders/nd/ks11whcs64b4nsy5xpjvj7540000gn/T/ynx-music-apple-native-pQfTnk/YNXMusic/Build/Products/Debug-iphonesimulator/YNXMusic.app

ProcessInfoPlistFile /var/folders/nd/ks11whcs64b4nsy5xpjvj7540000gn/T/ynx-music-apple-native-pQfTnk/YNXMusic/Build/Products/Debug-iphonesimulator/YNXMusic.app/Info.plist /Users/huangjiahao/Desktop/YNX\ Audit\ Worktrees/20260906-video/apps/music/ios/YNXMusic/Info.plist (in target 'YNXMusic' from project 'YNXMusic')
    cd /Users/huangjiahao/Desktop/YNX\ Audit\ Worktrees/20260906-video/apps/music/ios
    builtin-infoPlistUtility /Users/huangjiahao/Desktop/YNX\ Audit\ Worktrees/20260906-video/apps/music/ios/YNXMusic/Info.plist -producttype com.apple.product-type.application -genpkginfo /var/folders/nd/ks11whcs64b4nsy5xpjvj7540000gn/T/ynx-music-apple-native-pQfTnk/YNXMusic/Build/Products/Debug-iphonesimulator/YNXMusic.app/PkgInfo -expandbuildsettings -format binary -platform iphonesimulator -o /var/folders/nd/ks11whcs64b4nsy5xpjvj7540000gn/T/ynx-music-apple-native-pQfTnk/YNXMusic/Build/Products/Debug-iphonesimulator/YNXMusic.app/Info.plist

CopyPNGFile /var/folders/nd/ks11whcs64b4nsy5xpjvj7540000gn/T/ynx-music-apple-native-pQfTnk/YNXMusic/Build/Products/Debug-iphonesimulator/YNXMusic.app/ynx-brand-original.png /Users/huangjiahao/Desktop/YNX\ Audit\ Worktrees/20260906-video/apps/music/ios/YNXMusic/ynx-brand-original.png (in target 'YNXMusic' from project 'YNXMusic')
    cd /Users/huangjiahao/Desktop/YNX\ Audit\ Worktrees/20260906-video/apps/music/ios
    /Applications/Xcode.app/Contents/Developer/usr/bin/copypng -compress -strip-PNG-text /Users/huangjiahao/Desktop/YNX\ Audit\ Worktrees/20260906-video/apps/music/ios/YNXMusic/ynx-brand-original.png /var/folders/nd/ks11whcs64b4nsy5xpjvj7540000gn/T/ynx-music-apple-native-pQfTnk/YNXMusic/Build/Products/Debug-iphonesimulator/YNXMusic.app/ynx-brand-original.png

CpResource /var/folders/nd/ks11whcs64b4nsy5xpjvj7540000gn/T/ynx-music-apple-native-pQfTnk/YNXMusic/Build/Products/Debug-iphonesimulator/YNXMusic.app/i18n.json /Users/huangjiahao/Desktop/YNX\ Audit\ Worktrees/20260906-video/apps/music/shared/i18n.json (in target 'YNXMusic' from project 'YNXMusic')
    cd /Users/huangjiahao/Desktop/YNX\ Audit\ Worktrees/20260906-video/apps/music/ios
    builtin-copy -exclude .DS_Store -exclude CVS -exclude .svn -exclude .git -exclude .hg -strip-unsigned-binaries -strip-deterministic -strip-tool /Applications/Xcode.app/Contents/Developer/Toolchains/XcodeDefault.xctoolchain/usr/bin/strip -resolve-src-symlinks /Users/huangjiahao/Desktop/YNX\ Audit\ Worktrees/20260906-video/apps/music/shared/i18n.json /var/folders/nd/ks11whcs64b4nsy5xpjvj7540000gn/T/ynx-music-apple-native-pQfTnk/YNXMusic/Build/Products/Debug-iphonesimulator/YNXMusic.app

SwiftDriver YNXMusic normal arm64 com.apple.xcode.tools.swift.compiler (in target 'YNXMusic' from project 'YNXMusic')
    cd /Users/huangjiahao/Desktop/YNX\ Audit\ Worktrees/20260906-video/apps/music/ios
    builtin-SwiftDriver -- /Applications/Xcode.app/Contents/Developer/Toolchains/XcodeDefault.xctoolchain/usr/bin/swiftc -module-name YNXMusic -O @/var/folders/nd/ks11whcs64b4nsy5xpjvj7540000gn/T/ynx-music-apple-native-pQfTnk/YNXMusic/Build/Intermediates.noindex/YNXMusic.build/Debug-iphonesimulator/YNXMusic.build/Objects-normal/arm64/YNXMusic.SwiftFileList -enable-bare-slash-regex -enable-experimental-feature DebugDescriptionMacro -sdk /Applications/Xcode.app/Contents/Developer/Platforms/iPhoneSimulator.platform/Developer/SDKs/iPhoneSimulator27.0.sdk -target arm64-apple-ios17.0-simulator -g -module-cache-path /var/folders/nd/ks11whcs64b4nsy5xpjvj7540000gn/T/ynx-music-apple-native-pQfTnk/YNXMusic/ModuleCache.noindex -Xfrontend -serialize-debugging-options -swift-version 5 -I /var/folders/nd/ks11whcs64b4nsy5xpjvj7540000gn/T/ynx-music-apple-native-pQfTnk/YNXMusic/Build/Products/Debug-iphonesimulator -F /var/folders/nd/ks11whcs64b4nsy5xpjvj7540000gn/T/ynx-music-apple-native-pQfTnk/YNXMusic/Build/Products/Debug-iphonesimulator -emit-localized-strings -emit-localized-strings-path /var/folders/nd/ks11whcs64b4nsy5xpjvj7540000gn/T/ynx-music-apple-native-pQfTnk/YNXMusic/Build/Intermediates.noindex/YNXMusic.build/Debug-iphonesimulator/YNXMusic.build/Objects-normal/arm64 -c -j10 -enable-batch-mode -incremental -Xcc -ivfsstatcache -Xcc /var/folders/nd/ks11whcs64b4nsy5xpjvj7540000gn/T/ynx-music-apple-native-pQfTnk/YNXMusic/SDKStatCaches.noindex/iphonesimulator27.0-24A430-8dc58220667be655e1bcc261a7455254.sdkstatcache -output-file-map /var/folders/nd/ks11whcs64b4nsy5xpjvj7540000gn/T/ynx-music-apple-native-pQfTnk/YNXMusic/Build/Intermediates.noindex/YNXMusic.build/Debug-iphonesimulator/YNXMusic.build/Objects-normal/arm64/YNXMusic-OutputFileMap.json -save-temps -no-color-diagnostics -explicit-module-build -module-cache-path /var/folders/nd/ks11whcs64b4nsy5xpjvj7540000gn/T/ynx-music-apple-native-pQfTnk/YNXMusic/Build/Intermediates.noindex/SwiftExplicitPrecompiledModules -clang-scanner-module-cache-path /var/folders/nd/ks11whcs64b4nsy5xpjvj7540000gn/T/ynx-music-apple-native-pQfTnk/YNXMusic/ModuleCache.noindex -sdk-module-cache-path /var/folders/nd/ks11whcs64b4nsy5xpjvj7540000gn/T/ynx-music-apple-native-pQfTnk/YNXMusic/SDKExplicitPrecompiledModules -emit-dependencies -emit-module -emit-module-path /var/folders/nd/ks11whcs64b4nsy5xpjvj7540000gn/T/ynx-music-apple-native-pQfTnk/YNXMusic/Build/Intermediates.noindex/YNXMusic.build/Debug-iphonesimulator/YNXMusic.build/Objects-normal/arm64/YNXMusic.swiftmodule -serialize-diagnostics -dependency-scan-serialize-diagnostics-path /var/folders/nd/ks11whcs64b4nsy5xpjvj7540000gn/T/ynx-music-apple-native-pQfTnk/YNXMusic/Build/Intermediates.noindex/YNXMusic.build/Debug-iphonesimulator/YNXMusic.build/Objects-normal/arm64/YNXMusic-dependency-scan.dia -validate-clang-modules-once -clang-build-session-file /var/folders/nd/ks11whcs64b4nsy5xpjvj7540000gn/T/ynx-music-apple-native-pQfTnk/YNXMusic/ModuleCache.noindex/Session.modulevalidation -Xcc -fmodules-prune-interval\=86400 -Xcc -fmodules-prune-after\=345600 -emit-const-values -const-gather-protocols-list /var/folders/nd/ks11whcs64b4nsy5xpjvj7540000gn/T/ynx-music-apple-native-pQfTnk/YNXMusic/Build/Intermediates.noindex/YNXMusic.build/Debug-iphonesimulator/YNXMusic.build/Objects-normal/arm64/YNXMusic_const_extract_protocols.json -Xcc -iquote -Xcc /var/folders/nd/ks11whcs64b4nsy5xpjvj7540000gn/T/ynx-music-apple-native-pQfTnk/YNXMusic/Build/Intermediates.noindex/YNXMusic.build/Debug-iphonesimulator/YNXMusic.build/YNXMusic-generated-files.hmap -Xcc -I/var/folders/nd/ks11whcs64b4nsy5xpjvj7540000gn/T/ynx-music-apple-native-pQfTnk/YNXMusic/Build/Intermediates.noindex/YNXMusic.build/Debug-iphonesimulator/YNXMusic.build/YNXMusic-own-target-headers.hmap -Xcc -I/var/folders/nd/ks11whcs64b4nsy5xpjvj7540000gn/T/ynx-music-apple-native-pQfTnk/YNXMusic/Build/Intermediates.noindex/YNXMusic.build/Debug-iphonesimulator/YNXMusic.build/YNXMusic-all-target-headers.hmap -Xcc -iquote -Xcc /var/folders/nd/ks11whcs64b4nsy5xpjvj7540000gn/T/ynx-music-apple-native-pQfTnk/YNXMusic/Build/Intermediates.noindex/YNXMusic.build/Debug-iphonesimulator/YNXMusic.build/YNXMusic-project-headers.hmap -Xcc -I/var/folders/nd/ks11whcs64b4nsy5xpjvj7540000gn/T/ynx-music-apple-native-pQfTnk/YNXMusic/Build/Products/Debug-iphonesimulator/include -Xcc -I/var/folders/nd/ks11whcs64b4nsy5xpjvj7540000gn/T/ynx-music-apple-native-pQfTnk/YNXMusic/Build/Intermediates.noindex/YNXMusic.build/Debug-iphonesimulator/YNXMusic.build/DerivedSources-normal/arm64 -Xcc -I/var/folders/nd/ks11whcs64b4nsy5xpjvj7540000gn/T/ynx-music-apple-native-pQfTnk/YNXMusic/Build/Intermediates.noindex/YNXMusic.build/Debug-iphonesimulator/YNXMusic.build/DerivedSources/arm64 -Xcc -I/var/folders/nd/ks11whcs64b4nsy5xpjvj7540000gn/T/ynx-music-apple-native-pQfTnk/YNXMusic/Build/Intermediates.noindex/YNXMusic.build/Debug-iphonesimulator/YNXMusic.build/DerivedSources -emit-objc-header -emit-objc-header-path /var/folders/nd/ks11whcs64b4nsy5xpjvj7540000gn/T/ynx-music-apple-native-pQfTnk/YNXMusic/Build/Intermediates.noindex/YNXMusic.build/Debug-iphonesimulator/YNXMusic.build/Objects-normal/arm64/YNXMusic-Swift.h -working-directory /Users/huangjiahao/Desktop/YNX\ Audit\ Worktrees/20260906-video/apps/music/ios -experimental-emit-module-separately -disable-cmo

SwiftDriver YNXMusic normal x86_64 com.apple.xcode.tools.swift.compiler (in target 'YNXMusic' from project 'YNXMusic')
    cd /Users/huangjiahao/Desktop/YNX\ Audit\ Worktrees/20260906-video/apps/music/ios
    builtin-SwiftDriver -- /Applications/Xcode.app/Contents/Developer/Toolchains/XcodeDefault.xctoolchain/usr/bin/swiftc -module-name YNXMusic -O @/var/folders/nd/ks11whcs64b4nsy5xpjvj7540000gn/T/ynx-music-apple-native-pQfTnk/YNXMusic/Build/Intermediates.noindex/YNXMusic.build/Debug-iphonesimulator/YNXMusic.build/Objects-normal/x86_64/YNXMusic.SwiftFileList -enable-bare-slash-regex -enable-experimental-feature DebugDescriptionMacro -sdk /Applications/Xcode.app/Contents/Developer/Platforms/iPhoneSimulator.platform/Developer/SDKs/iPhoneSimulator27.0.sdk -target x86_64-apple-ios17.0-simulator -g -module-cache-path /var/folders/nd/ks11whcs64b4nsy5xpjvj7540000gn/T/ynx-music-apple-native-pQfTnk/YNXMusic/ModuleCache.noindex -Xfrontend -serialize-debugging-options -swift-version 5 -I /var/folders/nd/ks11whcs64b4nsy5xpjvj7540000gn/T/ynx-music-apple-native-pQfTnk/YNXMusic/Build/Products/Debug-iphonesimulator -F /var/folders/nd/ks11whcs64b4nsy5xpjvj7540000gn/T/ynx-music-apple-native-pQfTnk/YNXMusic/Build/Products/Debug-iphonesimulator -emit-localized-strings -emit-localized-strings-path /var/folders/nd/ks11whcs64b4nsy5xpjvj7540000gn/T/ynx-music-apple-native-pQfTnk/YNXMusic/Build/Intermediates.noindex/YNXMusic.build/Debug-iphonesimulator/YNXMusic.build/Objects-normal/x86_64 -c -j10 -enable-batch-mode -incremental -Xcc -ivfsstatcache -Xcc /var/folders/nd/ks11whcs64b4nsy5xpjvj7540000gn/T/ynx-music-apple-native-pQfTnk/YNXMusic/SDKStatCaches.noindex/iphonesimulator27.0-24A430-8dc58220667be655e1bcc261a7455254.sdkstatcache -output-file-map /var/folders/nd/ks11whcs64b4nsy5xpjvj7540000gn/T/ynx-music-apple-native-pQfTnk/YNXMusic/Build/Intermediates.noindex/YNXMusic.build/Debug-iphonesimulator/YNXMusic.build/Objects-normal/x86_64/YNXMusic-OutputFileMap.json -save-temps -no-color-diagnostics -explicit-module-build -module-cache-path /var/folders/nd/ks11whcs64b4nsy5xpjvj7540000gn/T/ynx-music-apple-native-pQfTnk/YNXMusic/Build/Intermediates.noindex/SwiftExplicitPrecompiledModules -clang-scanner-module-cache-path /var/folders/nd/ks11whcs64b4nsy5xpjvj7540000gn/T/ynx-music-apple-native-pQfTnk/YNXMusic/ModuleCache.noindex -sdk-module-cache-path /var/folders/nd/ks11whcs64b4nsy5xpjvj7540000gn/T/ynx-music-apple-native-pQfTnk/YNXMusic/SDKExplicitPrecompiledModules -emit-dependencies -emit-module -emit-module-path /var/folders/nd/ks11whcs64b4nsy5xpjvj7540000gn/T/ynx-music-apple-native-pQfTnk/YNXMusic/Build/Intermediates.noindex/YNXMusic.build/Debug-iphonesimulator/YNXMusic.build/Objects-normal/x86_64/YNXMusic.swiftmodule -serialize-diagnostics -dependency-scan-serialize-diagnostics-path /var/folders/nd/ks11whcs64b4nsy5xpjvj7540000gn/T/ynx-music-apple-native-pQfTnk/YNXMusic/Build/Intermediates.noindex/YNXMusic.build/Debug-iphonesimulator/YNXMusic.build/Objects-normal/x86_64/YNXMusic-dependency-scan.dia -validate-clang-modules-once -clang-build-session-file /var/folders/nd/ks11whcs64b4nsy5xpjvj7540000gn/T/ynx-music-apple-native-pQfTnk/YNXMusic/ModuleCache.noindex/Session.modulevalidation -Xcc -fmodules-prune-interval\=86400 -Xcc -fmodules-prune-after\=345600 -emit-const-values -const-gather-protocols-list /var/folders/nd/ks11whcs64b4nsy5xpjvj7540000gn/T/ynx-music-apple-native-pQfTnk/YNXMusic/Build/Intermediates.noindex/YNXMusic.build/Debug-iphonesimulator/YNXMusic.build/Objects-normal/x86_64/YNXMusic_const_extract_protocols.json -Xcc -iquote -Xcc /var/folders/nd/ks11whcs64b4nsy5xpjvj7540000gn/T/ynx-music-apple-native-pQfTnk/YNXMusic/Build/Intermediates.noindex/YNXMusic.build/Debug-iphonesimulator/YNXMusic.build/YNXMusic-generated-files.hmap -Xcc -I/var/folders/nd/ks11whcs64b4nsy5xpjvj7540000gn/T/ynx-music-apple-native-pQfTnk/YNXMusic/Build/Intermediates.noindex/YNXMusic.build/Debug-iphonesimulator/YNXMusic.build/YNXMusic-own-target-headers.hmap -Xcc -I/var/folders/nd/ks11whcs64b4nsy5xpjvj7540000gn/T/ynx-music-apple-native-pQfTnk/YNXMusic/Build/Intermediates.noindex/YNXMusic.build/Debug-iphonesimulator/YNXMusic.build/YNXMusic-all-target-headers.hmap -Xcc -iquote -Xcc /var/folders/nd/ks11whcs64b4nsy5xpjvj7540000gn/T/ynx-music-apple-native-pQfTnk/YNXMusic/Build/Intermediates.noindex/YNXMusic.build/Debug-iphonesimulator/YNXMusic.build/YNXMusic-project-headers.hmap -Xcc -I/var/folders/nd/ks11whcs64b4nsy5xpjvj7540000gn/T/ynx-music-apple-native-pQfTnk/YNXMusic/Build/Products/Debug-iphonesimulator/include -Xcc -I/var/folders/nd/ks11whcs64b4nsy5xpjvj7540000gn/T/ynx-music-apple-native-pQfTnk/YNXMusic/Build/Intermediates.noindex/YNXMusic.build/Debug-iphonesimulator/YNXMusic.build/DerivedSources-normal/x86_64 -Xcc -I/var/folders/nd/ks11whcs64b4nsy5xpjvj7540000gn/T/ynx-music-apple-native-pQfTnk/YNXMusic/Build/Intermediates.noindex/YNXMusic.build/Debug-iphonesimulator/YNXMusic.build/DerivedSources/x86_64 -Xcc -I/var/folders/nd/ks11whcs64b4nsy5xpjvj7540000gn/T/ynx-music-apple-native-pQfTnk/YNXMusic/Build/Intermediates.noindex/YNXMusic.build/Debug-iphonesimulator/YNXMusic.build/DerivedSources -emit-objc-header -emit-objc-header-path /var/folders/nd/ks11whcs64b4nsy5xpjvj7540000gn/T/ynx-music-apple-native-pQfTnk/YNXMusic/Build/Intermediates.noindex/YNXMusic.build/Debug-iphonesimulator/YNXMusic.build/Objects-normal/x86_64/YNXMusic-Swift.h -working-directory /Users/huangjiahao/Desktop/YNX\ Audit\ Worktrees/20260906-video/apps/music/ios -experimental-emit-module-separately -disable-cmo

SwiftExplicitDependencyGeneratePcm arm64 /var/folders/nd/ks11whcs64b4nsy5xpjvj7540000gn/T/ynx-music-apple-native-pQfTnk/YNXMusic/SDKExplicitPrecompiledModules/_SwiftConcurrencyShims-D7WVO831BLB2RGEY7O797RVQ9.pcm

SwiftExplicitDependencyGeneratePcm arm64 /var/folders/nd/ks11whcs64b4nsy5xpjvj7540000gn/T/ynx-music-apple-native-pQfTnk/YNXMusic/SDKExplicitPrecompiledModules/_Builtin_stddef-88PX17RPC98U4SUQ0LDMDJ9C6.pcm

SwiftExplicitDependencyGeneratePcm arm64 /var/folders/nd/ks11whcs64b4nsy5xpjvj7540000gn/T/ynx-music-apple-native-pQfTnk/YNXMusic/SDKExplicitPrecompiledModules/_Builtin_float-1058FREIIPACZAOI6LQ5BMVT5.pcm

SwiftExplicitDependencyGeneratePcm arm64 /var/folders/nd/ks11whcs64b4nsy5xpjvj7540000gn/T/ynx-music-apple-native-pQfTnk/YNXMusic/SDKExplicitPrecompiledModules/ptrcheck-7BY891JX3380J9SKNELTDUQY3.pcm

SwiftExplicitDependencyGeneratePcm arm64 /var/folders/nd/ks11whcs64b4nsy5xpjvj7540000gn/T/ynx-music-apple-native-pQfTnk/YNXMusic/SDKExplicitPrecompiledModules/SwiftShims-50Y6LJZWP1CXR4OH7IM7W6UL9.pcm

SwiftExplicitDependencyGeneratePcm arm64 /var/folders/nd/ks11whcs64b4nsy5xpjvj7540000gn/T/ynx-music-apple-native-pQfTnk/YNXMusic/SDKExplicitPrecompiledModules/_Builtin_stdarg-3DZASBAA167Q25XPX95M40149.pcm

SwiftExplicitDependencyGeneratePcm x86_64 /var/folders/nd/ks11whcs64b4nsy5xpjvj7540000gn/T/ynx-music-apple-native-pQfTnk/YNXMusic/SDKExplicitPrecompiledModules/ptrauth-14T5Z5RKB3FJCXVIJ3TZMHT4.pcm

SwiftExplicitDependencyGeneratePcm x86_64 /var/folders/nd/ks11whcs64b4nsy5xpjvj7540000gn/T/ynx-music-apple-native-pQfTnk/YNXMusic/SDKExplicitPrecompiledModules/ptrcheck-6ITY6ELTJGMBUWXEDV2BCXTKV.pcm

SwiftExplicitDependencyGeneratePcm x86_64 /var/folders/nd/ks11whcs64b4nsy5xpjvj7540000gn/T/ynx-music-apple-native-pQfTnk/YNXMusic/SDKExplicitPrecompiledModules/_Builtin_stdbool-9PXVPRHU813SSYICV6QBHK57E.pcm

SwiftExplicitDependencyGeneratePcm arm64 /var/folders/nd/ks11whcs64b4nsy5xpjvj7540000gn/T/ynx-music-apple-native-pQfTnk/YNXMusic/SDKExplicitPrecompiledModules/_AvailabilityInternal-4LF04CIDMQJHG4QIP3EC0F836.pcm

SwiftExplicitDependencyGeneratePcm arm64 /var/folders/nd/ks11whcs64b4nsy5xpjvj7540000gn/T/ynx-music-apple-native-pQfTnk/YNXMusic/SDKExplicitPrecompiledModules/DeveloperToolsSupport-DBS5WR5UCB6SC8SFTVJED0BGG.pcm

SwiftExplicitDependencyGeneratePcm x86_64 /var/folders/nd/ks11whcs64b4nsy5xpjvj7540000gn/T/ynx-music-apple-native-pQfTnk/YNXMusic/SDKExplicitPrecompiledModules/SwiftShims-8BRU1ZCSQYZUPNTNOV53LUYJA.pcm

SwiftExplicitDependencyGeneratePcm arm64 /var/folders/nd/ks11whcs64b4nsy5xpjvj7540000gn/T/ynx-music-apple-native-pQfTnk/YNXMusic/SDKExplicitPrecompiledModules/_Builtin_stdbool-2FZQ7VMBLM3XBXYVKJP2JYSI3.pcm

SwiftExplicitDependencyGeneratePcm x86_64 /var/folders/nd/ks11whcs64b4nsy5xpjvj7540000gn/T/ynx-music-apple-native-pQfTnk/YNXMusic/SDKExplicitPrecompiledModules/_SwiftConcurrencyShims-LIRKAL25E2KJK2VAWFT7M6KQ.pcm

SwiftExplicitDependencyGeneratePcm x86_64 /var/folders/nd/ks11whcs64b4nsy5xpjvj7540000gn/T/ynx-music-apple-native-pQfTnk/YNXMusic/SDKExplicitPrecompiledModules/DeveloperToolsSupport-6U3VUXHF0O7T8B1YWTLATF5D2.pcm

SwiftExplicitDependencyGeneratePcm x86_64 /var/folders/nd/ks11whcs64b4nsy5xpjvj7540000gn/T/ynx-music-apple-native-pQfTnk/YNXMusic/SDKExplicitPrecompiledModules/_Builtin_stddef-1GBWBFTJFXPKNCZSJ5WU1LC1M.pcm

SwiftExplicitDependencyGeneratePcm arm64 /var/folders/nd/ks11whcs64b4nsy5xpjvj7540000gn/T/ynx-music-apple-native-pQfTnk/YNXMusic/SDKExplicitPrecompiledModules/ptrauth-622ZS9MKF7BXE52W4OKHWGAKZ.pcm

SwiftExplicitDependencyGeneratePcm x86_64 /var/folders/nd/ks11whcs64b4nsy5xpjvj7540000gn/T/ynx-music-apple-native-pQfTnk/YNXMusic/SDKExplicitPrecompiledModules/_AvailabilityInternal-7ROG4ZLBX53LL6C6VTFPJU1WL.pcm

SwiftExplicitDependencyGeneratePcm x86_64 /var/folders/nd/ks11whcs64b4nsy5xpjvj7540000gn/T/ynx-music-apple-native-pQfTnk/YNXMusic/SDKExplicitPrecompiledModules/_Builtin_stdarg-EFB0L18678UG4C0RE5F03Q486.pcm

SwiftExplicitDependencyGeneratePcm x86_64 /var/folders/nd/ks11whcs64b4nsy5xpjvj7540000gn/T/ynx-music-apple-native-pQfTnk/YNXMusic/SDKExplicitPrecompiledModules/_Builtin_float-4E0O2A48DAYLOKM26MT3YRBMW.pcm

SwiftExplicitDependencyGeneratePcm arm64 /var/folders/nd/ks11whcs64b4nsy5xpjvj7540000gn/T/ynx-music-apple-native-pQfTnk/YNXMusic/SDKExplicitPrecompiledModules/_DarwinFoundation1-EL775IU7FJSXG5OKAAKNQKOXP.pcm

SwiftExplicitDependencyGeneratePcm x86_64 /var/folders/nd/ks11whcs64b4nsy5xpjvj7540000gn/T/ynx-music-apple-native-pQfTnk/YNXMusic/SDKExplicitPrecompiledModules/_DarwinFoundation1-61PVQDNIZBFUW6NXM1AX9WMMU.pcm

SwiftExplicitDependencyGeneratePcm arm64 /var/folders/nd/ks11whcs64b4nsy5xpjvj7540000gn/T/ynx-music-apple-native-pQfTnk/YNXMusic/SDKExplicitPrecompiledModules/_Builtin_limits-3AHKO0SR3046AP87Z0XUCDRJ.pcm

SwiftExplicitDependencyGeneratePcm arm64 /var/folders/nd/ks11whcs64b4nsy5xpjvj7540000gn/T/ynx-music-apple-native-pQfTnk/YNXMusic/SDKExplicitPrecompiledModules/_DarwinFoundation2-3VGBXF3AC3WA955HK39GIMNG4.pcm

SwiftExplicitDependencyGeneratePcm x86_64 /var/folders/nd/ks11whcs64b4nsy5xpjvj7540000gn/T/ynx-music-apple-native-pQfTnk/YNXMusic/SDKExplicitPrecompiledModules/_DarwinFoundation2-9XBCAFO3EGOSUFRO0NP97GHC3.pcm

SwiftExplicitDependencyGeneratePcm x86_64 /var/folders/nd/ks11whcs64b4nsy5xpjvj7540000gn/T/ynx-music-apple-native-pQfTnk/YNXMusic/SDKExplicitPrecompiledModules/_Builtin_limits-AT8OAUHWLTWBWNL48VG70O2A4.pcm

SwiftExplicitDependencyGeneratePcm arm64 /var/folders/nd/ks11whcs64b4nsy5xpjvj7540000gn/T/ynx-music-apple-native-pQfTnk/YNXMusic/SDKExplicitPrecompiledModules/_Builtin_tgmath-99C7WXDSAO0HAZU2V5VO5NNI4.pcm

SwiftExplicitDependencyGeneratePcm arm64 /var/folders/nd/ks11whcs64b4nsy5xpjvj7540000gn/T/ynx-music-apple-native-pQfTnk/YNXMusic/SDKExplicitPrecompiledModules/_Builtin_stdint-F2PLIT4CRCCJ13JIQDONUVFTC.pcm

SwiftExplicitDependencyGeneratePcm arm64 /var/folders/nd/ks11whcs64b4nsy5xpjvj7540000gn/T/ynx-music-apple-native-pQfTnk/YNXMusic/SDKExplicitPrecompiledModules/string_h-9H1KY8SGJ1SWSSSX9SATKSO27.pcm

SwiftExplicitDependencyGeneratePcm arm64 /var/folders/nd/ks11whcs64b4nsy5xpjvj7540000gn/T/ynx-music-apple-native-pQfTnk/YNXMusic/SDKExplicitPrecompiledModules/sys_types-79CYH2R7C6AL5J0R5N4LIYFSS.pcm

SwiftExplicitDependencyGeneratePcm x86_64 /var/folders/nd/ks11whcs64b4nsy5xpjvj7540000gn/T/ynx-music-apple-native-pQfTnk/YNXMusic/SDKExplicitPrecompiledModules/_Builtin_tgmath-5IIFCFJER40A59W1VV078WLTK.pcm

SwiftExplicitDependencyGeneratePcm x86_64 /var/folders/nd/ks11whcs64b4nsy5xpjvj7540000gn/T/ynx-music-apple-native-pQfTnk/YNXMusic/SDKExplicitPrecompiledModules/string_h-AVMF6WPMH3GP7GMEQBZ4FN5K6.pcm

SwiftExplicitDependencyGeneratePcm x86_64 /var/folders/nd/ks11whcs64b4nsy5xpjvj7540000gn/T/ynx-music-apple-native-pQfTnk/YNXMusic/SDKExplicitPrecompiledModules/sys_types-F0379PL1OULMRK6VHX8V8QY03.pcm

SwiftExplicitDependencyGeneratePcm x86_64 /var/folders/nd/ks11whcs64b4nsy5xpjvj7540000gn/T/ynx-music-apple-native-pQfTnk/YNXMusic/SDKExplicitPrecompiledModules/_Builtin_stdint-2GHME2W9VPU6PBG6KFPG207EQ.pcm

SwiftExplicitDependencyGeneratePcm arm64 /var/folders/nd/ks11whcs64b4nsy5xpjvj7540000gn/T/ynx-music-apple-native-pQfTnk/YNXMusic/SDKExplicitPrecompiledModules/_DarwinFoundation3-95SA3XYQP0QYODCKTCE92G9WB.pcm

SwiftExplicitDependencyGeneratePcm arm64 /var/folders/nd/ks11whcs64b4nsy5xpjvj7540000gn/T/ynx-music-apple-native-pQfTnk/YNXMusic/SDKExplicitPrecompiledModules/_Builtin_stdatomic-2AGPWTCYK40QK2P6GZVUH2OB6.pcm

SwiftExplicitDependencyGeneratePcm arm64 /var/folders/nd/ks11whcs64b4nsy5xpjvj7540000gn/T/ynx-music-apple-native-pQfTnk/YNXMusic/SDKExplicitPrecompiledModules/_Builtin_intrinsics-7YTZ5Z4547TE4NNE9C0TUESN.pcm

SwiftExplicitDependencyGeneratePcm x86_64 /var/folders/nd/ks11whcs64b4nsy5xpjvj7540000gn/T/ynx-music-apple-native-pQfTnk/YNXMusic/SDKExplicitPrecompiledModules/_DarwinFoundation3-9XU2D8LC3YVHPORQQC0P33UM5.pcm

SwiftExplicitDependencyGeneratePcm x86_64 /var/folders/nd/ks11whcs64b4nsy5xpjvj7540000gn/T/ynx-music-apple-native-pQfTnk/YNXMusic/SDKExplicitPrecompiledModules/_Builtin_stdatomic-5Q04EI37XO4M9F2BIA3KSQ8UT.pcm

SwiftExplicitDependencyGeneratePcm x86_64 /var/folders/nd/ks11whcs64b4nsy5xpjvj7540000gn/T/ynx-music-apple-native-pQfTnk/YNXMusic/SDKExplicitPrecompiledModules/_Builtin_intrinsics-ALD1YLX3120K1L0E7RTNKB8FS.pcm

SwiftExplicitDependencyGeneratePcm arm64 /var/folders/nd/ks11whcs64b4nsy5xpjvj7540000gn/T/ynx-music-apple-native-pQfTnk/YNXMusic/SDKExplicitPrecompiledModules/_Builtin_inttypes-CJURXJG1FEY0HV4KKYIO1GKEW.pcm

SwiftExplicitDependencyGeneratePcm x86_64 /var/folders/nd/ks11whcs64b4nsy5xpjvj7540000gn/T/ynx-music-apple-native-pQfTnk/YNXMusic/SDKExplicitPrecompiledModules/_Builtin_inttypes-4OQPNZF87OEF47EXG7R44AG7W.pcm

SwiftExplicitDependencyGeneratePcm x86_64 /var/folders/nd/ks11whcs64b4nsy5xpjvj7540000gn/T/ynx-music-apple-native-pQfTnk/YNXMusic/SDKExplicitPrecompiledModules/Darwin-1C8WRCCH8B6CUQR6NP14V2QSA.pcm

SwiftExplicitDependencyGeneratePcm arm64 /var/folders/nd/ks11whcs64b4nsy5xpjvj7540000gn/T/ynx-music-apple-native-pQfTnk/YNXMusic/SDKExplicitPrecompiledModules/Darwin-ZN1D2FO0W02J0THNKMKQ0B80.pcm

SwiftExplicitDependencyGeneratePcm arm64 /var/folders/nd/ks11whcs64b4nsy5xpjvj7540000gn/T/ynx-music-apple-native-pQfTnk/YNXMusic/SDKExplicitPrecompiledModules/simd-9I3C6YA85DB90XSQ4TSI1VEQA.pcm

SwiftExplicitDependencyGeneratePcm x86_64 /var/folders/nd/ks11whcs64b4nsy5xpjvj7540000gn/T/ynx-music-apple-native-pQfTnk/YNXMusic/SDKExplicitPrecompiledModules/ObjectiveC-D184ZHIO2NMTR2YUCCAZHQFWH.pcm

SwiftExplicitDependencyGeneratePcm x86_64 /var/folders/nd/ks11whcs64b4nsy5xpjvj7540000gn/T/ynx-music-apple-native-pQfTnk/YNXMusic/SDKExplicitPrecompiledModules/MachO-DHLXXRGS6GZY3C1HCDWJGM8H0.pcm

SwiftExplicitDependencyGeneratePcm arm64 /var/folders/nd/ks11whcs64b4nsy5xpjvj7540000gn/T/ynx-music-apple-native-pQfTnk/YNXMusic/SDKExplicitPrecompiledModules/ObjectiveC-7YCBWC93484CREES160ZRWKKP.pcm

SwiftExplicitDependencyGeneratePcm arm64 /var/folders/nd/ks11whcs64b4nsy5xpjvj7540000gn/T/ynx-music-apple-native-pQfTnk/YNXMusic/SDKExplicitPrecompiledModules/MachO-8EI1PGZM4FE3KMPTXVYZ7ICO0.pcm

SwiftExplicitDependencyGeneratePcm x86_64 /var/folders/nd/ks11whcs64b4nsy5xpjvj7540000gn/T/ynx-music-apple-native-pQfTnk/YNXMusic/SDKExplicitPrecompiledModules/simd-DQXBV67I1CAN7FKGLFND3PBHL.pcm

SwiftExplicitDependencyGeneratePcm arm64 /var/folders/nd/ks11whcs64b4nsy5xpjvj7540000gn/T/ynx-music-apple-native-pQfTnk/YNXMusic/SDKExplicitPrecompiledModules/os_object-835ZSQV19QYTEFV1AXCE2G4XA.pcm

SwiftExplicitDependencyGeneratePcm x86_64 /var/folders/nd/ks11whcs64b4nsy5xpjvj7540000gn/T/ynx-music-apple-native-pQfTnk/YNXMusic/SDKExplicitPrecompiledModules/os_object-9G0KH9KCGUG8N38C71OHASYQL.pcm

SwiftExplicitDependencyGeneratePcm x86_64 /var/folders/nd/ks11whcs64b4nsy5xpjvj7540000gn/T/ynx-music-apple-native-pQfTnk/YNXMusic/SDKExplicitPrecompiledModules/os_workgroup-VL1KFV4P9Z3E0PXQ3GLT9C8K.pcm

SwiftExplicitDependencyGeneratePcm arm64 /var/folders/nd/ks11whcs64b4nsy5xpjvj7540000gn/T/ynx-music-apple-native-pQfTnk/YNXMusic/SDKExplicitPrecompiledModules/os_workgroup-AK73F35NOMA66H6HH9ZISAHAN.pcm

SwiftExplicitDependencyGeneratePcm arm64 /var/folders/nd/ks11whcs64b4nsy5xpjvj7540000gn/T/ynx-music-apple-native-pQfTnk/YNXMusic/SDKExplicitPrecompiledModules/Spatial-7KH8YR7L0WS9IZ2IE0QDW3QEH.pcm

SwiftExplicitDependencyGeneratePcm x86_64 /var/folders/nd/ks11whcs64b4nsy5xpjvj7540000gn/T/ynx-music-apple-native-pQfTnk/YNXMusic/SDKExplicitPrecompiledModules/Dispatch-BJGNSJ8TJXVQAHKTJQSTUJTUB.pcm

SwiftExplicitDependencyGeneratePcm arm64 /var/folders/nd/ks11whcs64b4nsy5xpjvj7540000gn/T/ynx-music-apple-native-pQfTnk/YNXMusic/SDKExplicitPrecompiledModules/Dispatch-B5VPFU4KK50IYQHHK3H438K92.pcm

SwiftExplicitDependencyGeneratePcm x86_64 /var/folders/nd/ks11whcs64b4nsy5xpjvj7540000gn/T/ynx-music-apple-native-pQfTnk/YNXMusic/SDKExplicitPrecompiledModules/CoreFoundation-89FC0JDSI13LL1YW8YVC2Z7F1.pcm

SwiftExplicitDependencyGeneratePcm x86_64 /var/folders/nd/ks11whcs64b4nsy5xpjvj7540000gn/T/ynx-music-apple-native-pQfTnk/YNXMusic/SDKExplicitPrecompiledModules/dnssd-2LTSIK7RO7HHIHD0OFDVOQS2G.pcm

SwiftExplicitDependencyGeneratePcm x86_64 /var/folders/nd/ks11whcs64b4nsy5xpjvj7540000gn/T/ynx-music-apple-native-pQfTnk/YNXMusic/SDKExplicitPrecompiledModules/XPC-CDGJNZMXOFQ2T0LBAYNO8U6BH.pcm

SwiftExplicitDependencyGeneratePcm arm64 /var/folders/nd/ks11whcs64b4nsy5xpjvj7540000gn/T/ynx-music-apple-native-pQfTnk/YNXMusic/SDKExplicitPrecompiledModules/dnssd-B8AO4BJB9VAW64CO0VPMJMYIM.pcm

SwiftExplicitDependencyGeneratePcm arm64 /var/folders/nd/ks11whcs64b4nsy5xpjvj7540000gn/T/ynx-music-apple-native-pQfTnk/YNXMusic/SDKExplicitPrecompiledModules/XPC-9MWGR99MUJVIY3WKU7QK873HK.pcm

SwiftExplicitDependencyGeneratePcm arm64 /var/folders/nd/ks11whcs64b4nsy5xpjvj7540000gn/T/ynx-music-apple-native-pQfTnk/YNXMusic/SDKExplicitPrecompiledModules/CoreFoundation-BOQ3DR82AS56VR9G6TOCWS4P.pcm

SwiftExplicitDependencyGeneratePcm x86_64 /var/folders/nd/ks11whcs64b4nsy5xpjvj7540000gn/T/ynx-music-apple-native-pQfTnk/YNXMusic/SDKExplicitPrecompiledModules/os-CC1BDBSJKAZSM0DG60P0O1D4.pcm

SwiftExplicitDependencyGeneratePcm arm64 /var/folders/nd/ks11whcs64b4nsy5xpjvj7540000gn/T/ynx-music-apple-native-pQfTnk/YNXMusic/SDKExplicitPrecompiledModules/os-C2Z3NK4S978A41ZRIR5DK0AEU.pcm

SwiftExplicitDependencyGeneratePcm x86_64 /var/folders/nd/ks11whcs64b4nsy5xpjvj7540000gn/T/ynx-music-apple-native-pQfTnk/YNXMusic/SDKExplicitPrecompiledModules/Spatial-8X0ERISBQ5CZQ3VRRWN142NHZ.pcm

SwiftExplicitDependencyGeneratePcm arm64 /var/folders/nd/ks11whcs64b4nsy5xpjvj7540000gn/T/ynx-music-apple-native-pQfTnk/YNXMusic/SDKExplicitPrecompiledModules/CFNetwork-8Y7ARJU3JT4H8OT5HCL2QMEDL.pcm

SwiftExplicitDependencyGeneratePcm arm64 /var/folders/nd/ks11whcs64b4nsy5xpjvj7540000gn/T/ynx-music-apple-native-pQfTnk/YNXMusic/SDKExplicitPrecompiledModules/CoreAudioTypes-4XT03RHYQRLZQDGC61FC0JV3S.pcm

SwiftExplicitDependencyGeneratePcm arm64 /var/folders/nd/ks11whcs64b4nsy5xpjvj7540000gn/T/ynx-music-apple-native-pQfTnk/YNXMusic/SDKExplicitPrecompiledModules/CoreGraphics-8G97GLEWIM4QLQ6OQWCCI1U65.pcm

SwiftExplicitDependencyGeneratePcm arm64 /var/folders/nd/ks11whcs64b4nsy5xpjvj7540000gn/T/ynx-music-apple-native-pQfTnk/YNXMusic/SDKExplicitPrecompiledModules/Security-8G1NC02FV3ZDXM8FLD5173B1J.pcm

SwiftExplicitDependencyGeneratePcm x86_64 /var/folders/nd/ks11whcs64b4nsy5xpjvj7540000gn/T/ynx-music-apple-native-pQfTnk/YNXMusic/SDKExplicitPrecompiledModules/CoreAudioTypes-D7RCAB5XIUEZ1CVK733J10DIG.pcm

SwiftExplicitDependencyGeneratePcm x86_64 /var/folders/nd/ks11whcs64b4nsy5xpjvj7540000gn/T/ynx-music-apple-native-pQfTnk/YNXMusic/SDKExplicitPrecompiledModules/Security-89IK5IGHDOT0NHBEUQREMPRW9.pcm

SwiftExplicitDependencyGeneratePcm x86_64 /var/folders/nd/ks11whcs64b4nsy5xpjvj7540000gn/T/ynx-music-apple-native-pQfTnk/YNXMusic/SDKExplicitPrecompiledModules/CoreGraphics-AZDSAT65G3R79DPOTEIAGKO8O.pcm

SwiftExplicitDependencyGeneratePcm x86_64 /var/folders/nd/ks11whcs64b4nsy5xpjvj7540000gn/T/ynx-music-apple-native-pQfTnk/YNXMusic/SDKExplicitPrecompiledModules/CFNetwork-4VAC3KUMHVIB0R5VKQOF45Q8L.pcm

SwiftExplicitDependencyGeneratePcm arm64 /var/folders/nd/ks11whcs64b4nsy5xpjvj7540000gn/T/ynx-music-apple-native-pQfTnk/YNXMusic/SDKExplicitPrecompiledModules/CoreAudio-9R374VED86CDL7AEXVAWLT9L9.pcm

SwiftExplicitDependencyGeneratePcm x86_64 /var/folders/nd/ks11whcs64b4nsy5xpjvj7540000gn/T/ynx-music-apple-native-pQfTnk/YNXMusic/SDKExplicitPrecompiledModules/CoreAudio-31ZZR84H7XBYM2JCJ7MW3Z949.pcm

SwiftExplicitDependencyGeneratePcm arm64 /var/folders/nd/ks11whcs64b4nsy5xpjvj7540000gn/T/ynx-music-apple-native-pQfTnk/YNXMusic/SDKExplicitPrecompiledModules/Foundation-1QH0QU9VULA9E2R10XVP9UPNS.pcm

SwiftExplicitDependencyGeneratePcm arm64 /var/folders/nd/ks11whcs64b4nsy5xpjvj7540000gn/T/ynx-music-apple-native-pQfTnk/YNXMusic/SDKExplicitPrecompiledModules/CoreText-AO2Y7OW603BDMKSA0NG6GWFMP.pcm

SwiftExplicitDependencyGeneratePcm arm64 /var/folders/nd/ks11whcs64b4nsy5xpjvj7540000gn/T/ynx-music-apple-native-pQfTnk/YNXMusic/SDKExplicitPrecompiledModules/ImageIO-B19XW4UJ6EXBPI6SR5RA8M9QZ.pcm

SwiftExplicitDependencyGeneratePcm x86_64 /var/folders/nd/ks11whcs64b4nsy5xpjvj7540000gn/T/ynx-music-apple-native-pQfTnk/YNXMusic/SDKExplicitPrecompiledModules/Foundation-DH5IVNHPJBB09PLGCNAIG8ZHJ.pcm

SwiftExplicitDependencyGeneratePcm x86_64 /var/folders/nd/ks11whcs64b4nsy5xpjvj7540000gn/T/ynx-music-apple-native-pQfTnk/YNXMusic/SDKExplicitPrecompiledModules/CoreText-B27PJC27TEFCV4VF8VADR20PT.pcm

SwiftExplicitDependencyGeneratePcm x86_64 /var/folders/nd/ks11whcs64b4nsy5xpjvj7540000gn/T/ynx-music-apple-native-pQfTnk/YNXMusic/SDKExplicitPrecompiledModules/ImageIO-38KFCFC6WOXFGPCJ4GI9G27IF.pcm

SwiftExplicitDependencyGeneratePcm arm64 /var/folders/nd/ks11whcs64b4nsy5xpjvj7540000gn/T/ynx-music-apple-native-pQfTnk/YNXMusic/SDKExplicitPrecompiledModules/IOSurface-7VADERTT4LA3TCV2P6FUTYN5U.pcm

SwiftExplicitDependencyGeneratePcm arm64 /var/folders/nd/ks11whcs64b4nsy5xpjvj7540000gn/T/ynx-music-apple-native-pQfTnk/YNXMusic/SDKExplicitPrecompiledModules/CoreTransferable-2O87C44MW4LZFQ74W55AE9AH9.pcm

SwiftExplicitDependencyGeneratePcm arm64 /var/folders/nd/ks11whcs64b4nsy5xpjvj7540000gn/T/ynx-music-apple-native-pQfTnk/YNXMusic/SDKExplicitPrecompiledModules/UniformTypeIdentifiers-2306E51MEM9FI83G28GFRER8H.pcm

SwiftExplicitDependencyGeneratePcm arm64 /var/folders/nd/ks11whcs64b4nsy5xpjvj7540000gn/T/ynx-music-apple-native-pQfTnk/YNXMusic/SDKExplicitPrecompiledModules/LocalAuthentication-8BQ8SE3X49TW9GBRKNH6BHWK7.pcm

SwiftExplicitDependencyGeneratePcm arm64 /var/folders/nd/ks11whcs64b4nsy5xpjvj7540000gn/T/ynx-music-apple-native-pQfTnk/YNXMusic/SDKExplicitPrecompiledModules/CoreData-5RJZH373PCOFS41OUL7YHUFOP.pcm

SwiftExplicitDependencyGeneratePcm arm64 /var/folders/nd/ks11whcs64b4nsy5xpjvj7540000gn/T/ynx-music-apple-native-pQfTnk/YNXMusic/SDKExplicitPrecompiledModules/FileProvider-DYH18DNMVI6VKND57NISJ3MCS.pcm

SwiftExplicitDependencyGeneratePcm arm64 /var/folders/nd/ks11whcs64b4nsy5xpjvj7540000gn/T/ynx-music-apple-native-pQfTnk/YNXMusic/SDKExplicitPrecompiledModules/OpenGLES-9WCM1EPWP7HZBMI9AG57NVK1K.pcm

SwiftExplicitDependencyGeneratePcm arm64 /var/folders/nd/ks11whcs64b4nsy5xpjvj7540000gn/T/ynx-music-apple-native-pQfTnk/YNXMusic/SDKExplicitPrecompiledModules/OSLog-ZBJRZLXQ9EJFNYIZG9PC2IEC.pcm

SwiftExplicitDependencyGeneratePcm arm64 /var/folders/nd/ks11whcs64b4nsy5xpjvj7540000gn/T/ynx-music-apple-native-pQfTnk/YNXMusic/SDKExplicitPrecompiledModules/UIUtilities-CWT4SRDLNGZDGLVVRGLQEV0DB.pcm

SwiftExplicitDependencyGeneratePcm arm64 /var/folders/nd/ks11whcs64b4nsy5xpjvj7540000gn/T/ynx-music-apple-native-pQfTnk/YNXMusic/SDKExplicitPrecompiledModules/_LocationEssentials-9U1TQ8N9YKI2O9MFE38VFYC3E.pcm

SwiftExplicitDependencyGeneratePcm x86_64 /var/folders/nd/ks11whcs64b4nsy5xpjvj7540000gn/T/ynx-music-apple-native-pQfTnk/YNXMusic/SDKExplicitPrecompiledModules/Accessibility-2JPSXJ28CV4XFL687WRB6WZVL.pcm

SwiftExplicitDependencyGeneratePcm x86_64 /var/folders/nd/ks11whcs64b4nsy5xpjvj7540000gn/T/ynx-music-apple-native-pQfTnk/YNXMusic/SDKExplicitPrecompiledModules/OpenGLES-EFCM2LG21HE29DQA3LV3Y3YAE.pcm

SwiftExplicitDependencyGeneratePcm x86_64 /var/folders/nd/ks11whcs64b4nsy5xpjvj7540000gn/T/ynx-music-apple-native-pQfTnk/YNXMusic/SDKExplicitPrecompiledModules/UIUtilities-6DP9803WAHHD565JWS1812K5C.pcm

SwiftExplicitDependencyGeneratePcm x86_64 /var/folders/nd/ks11whcs64b4nsy5xpjvj7540000gn/T/ynx-music-apple-native-pQfTnk/YNXMusic/SDKExplicitPrecompiledModules/UserNotifications-4CNFEGA2UE9WKJZAFMKVR8WUY.pcm

SwiftExplicitDependencyGeneratePcm x86_64 /var/folders/nd/ks11whcs64b4nsy5xpjvj7540000gn/T/ynx-music-apple-native-pQfTnk/YNXMusic/SDKExplicitPrecompiledModules/CoreData-B9FPCYU1S62JHKF7506OTNHMZ.pcm

SwiftExplicitDependencyGeneratePcm x86_64 /var/folders/nd/ks11whcs64b4nsy5xpjvj7540000gn/T/ynx-music-apple-native-pQfTnk/YNXMusic/SDKExplicitPrecompiledModules/Network-3OPBTYE9BFNQUGPEA7LGYQ6W0.pcm

SwiftExplicitDependencyGeneratePcm x86_64 /var/folders/nd/ks11whcs64b4nsy5xpjvj7540000gn/T/ynx-music-apple-native-pQfTnk/YNXMusic/SDKExplicitPrecompiledModules/CoreTransferable-2U0DUJQJE83ILFYXGGJUFIMYB.pcm

SwiftExplicitDependencyGeneratePcm arm64 /var/folders/nd/ks11whcs64b4nsy5xpjvj7540000gn/T/ynx-music-apple-native-pQfTnk/YNXMusic/SDKExplicitPrecompiledModules/Metal-IG41CAJNOQA5CV6R8KTE1F6S.pcm

SwiftExplicitDependencyGeneratePcm arm64 /var/folders/nd/ks11whcs64b4nsy5xpjvj7540000gn/T/ynx-music-apple-native-pQfTnk/YNXMusic/SDKExplicitPrecompiledModules/CoreLocation-1WZ3R13FNDZBCYCRCG9NI60TR.pcm

SwiftExplicitDependencyGeneratePcm x86_64 /var/folders/nd/ks11whcs64b4nsy5xpjvj7540000gn/T/ynx-music-apple-native-pQfTnk/YNXMusic/SDKExplicitPrecompiledModules/_LocationEssentials-4JY9Q1NIL43PX03WHTT7F5BH7.pcm

SwiftExplicitDependencyGeneratePcm arm64 /var/folders/nd/ks11whcs64b4nsy5xpjvj7540000gn/T/ynx-music-apple-native-pQfTnk/YNXMusic/SDKExplicitPrecompiledModules/DataDetection-4PAGBA6FN866ZB2IPCO7PUVJK.pcm

SwiftExplicitDependencyGeneratePcm x86_64 /var/folders/nd/ks11whcs64b4nsy5xpjvj7540000gn/T/ynx-music-apple-native-pQfTnk/YNXMusic/SDKExplicitPrecompiledModules/OSLog-978795EJ6I9YM3ZXVMQLOHCLR.pcm

SwiftExplicitDependencyGeneratePcm arm64 /var/folders/nd/ks11whcs64b4nsy5xpjvj7540000gn/T/ynx-music-apple-native-pQfTnk/YNXMusic/SDKExplicitPrecompiledModules/CoreMIDI-2T4U1WYHWY29EUTBEN0QUAI5B.pcm

SwiftExplicitDependencyGeneratePcm x86_64 /var/folders/nd/ks11whcs64b4nsy5xpjvj7540000gn/T/ynx-music-apple-native-pQfTnk/YNXMusic/SDKExplicitPrecompiledModules/LocalAuthentication-3ZDW3TT4RF7H9S3JOXBRNV4YY.pcm

SwiftExplicitDependencyGeneratePcm x86_64 /var/folders/nd/ks11whcs64b4nsy5xpjvj7540000gn/T/ynx-music-apple-native-pQfTnk/YNXMusic/SDKExplicitPrecompiledModules/CoreMIDI-37F7TSZ2D3WJI3DVJ7UU2LY3L.pcm

SwiftExplicitDependencyGeneratePcm x86_64 /var/folders/nd/ks11whcs64b4nsy5xpjvj7540000gn/T/ynx-music-apple-native-pQfTnk/YNXMusic/SDKExplicitPrecompiledModules/UniformTypeIdentifiers-CCHJQL28WG0P5EZYB5GFZOEIT.pcm

SwiftExplicitDependencyGeneratePcm x86_64 /var/folders/nd/ks11whcs64b4nsy5xpjvj7540000gn/T/ynx-music-apple-native-pQfTnk/YNXMusic/SDKExplicitPrecompiledModules/CoreLocation-ELH8WFM87THVFNDTWAE7IPKES.pcm

SwiftExplicitDependencyGeneratePcm arm64 /var/folders/nd/ks11whcs64b4nsy5xpjvj7540000gn/T/ynx-music-apple-native-pQfTnk/YNXMusic/SDKExplicitPrecompiledModules/Symbols-90D7RIYB6E6PXU1GVQFY3A4MY.pcm

SwiftExplicitDependencyGeneratePcm x86_64 /var/folders/nd/ks11whcs64b4nsy5xpjvj7540000gn/T/ynx-music-apple-native-pQfTnk/YNXMusic/SDKExplicitPrecompiledModules/AVRouting-BLB7XN61WIBXW1C18JBA5Y5UU.pcm

SwiftExplicitDependencyGeneratePcm x86_64 /var/folders/nd/ks11whcs64b4nsy5xpjvj7540000gn/T/ynx-music-apple-native-pQfTnk/YNXMusic/SDKExplicitPrecompiledModules/Symbols-BB2R1L3SUH8ABEX6II35NGNFO.pcm

SwiftExplicitDependencyGeneratePcm x86_64 /var/folders/nd/ks11whcs64b4nsy5xpjvj7540000gn/T/ynx-music-apple-native-pQfTnk/YNXMusic/SDKExplicitPrecompiledModules/DataDetection-8F7LZYK5DM23PWPOH0H3F6SXW.pcm

SwiftExplicitDependencyGeneratePcm x86_64 /var/folders/nd/ks11whcs64b4nsy5xpjvj7540000gn/T/ynx-music-apple-native-pQfTnk/YNXMusic/SDKExplicitPrecompiledModules/IOSurface-7DCAGBE4J5VVHHY4SUJ14I8EW.pcm

SwiftExplicitDependencyGeneratePcm arm64 /var/folders/nd/ks11whcs64b4nsy5xpjvj7540000gn/T/ynx-music-apple-native-pQfTnk/YNXMusic/SDKExplicitPrecompiledModules/UserNotifications-54MC14VYI9WHN9W9LOE9JS0FN.pcm

SwiftExplicitDependencyGeneratePcm arm64 /var/folders/nd/ks11whcs64b4nsy5xpjvj7540000gn/T/ynx-music-apple-native-pQfTnk/YNXMusic/SDKExplicitPrecompiledModules/AudioToolbox-CGSDIJOKQ9SPDLQNNVA91WB9D.pcm

SwiftExplicitDependencyGeneratePcm x86_64 /var/folders/nd/ks11whcs64b4nsy5xpjvj7540000gn/T/ynx-music-apple-native-pQfTnk/YNXMusic/SDKExplicitPrecompiledModules/FileProvider-BCQ87O9G4FW7VOKSNX8JNZ184.pcm

SwiftExplicitDependencyGeneratePcm arm64 /var/folders/nd/ks11whcs64b4nsy5xpjvj7540000gn/T/ynx-music-apple-native-pQfTnk/YNXMusic/SDKExplicitPrecompiledModules/Accessibility-5CNCVV3AT1K69XCWBVM5QSRXK.pcm

SwiftExplicitDependencyGeneratePcm arm64 /var/folders/nd/ks11whcs64b4nsy5xpjvj7540000gn/T/ynx-music-apple-native-pQfTnk/YNXMusic/SDKExplicitPrecompiledModules/CoreVideo-8GPTZ1YCY2WTSHKD9A7O7JX3Y.pcm

SwiftExplicitDependencyGeneratePcm x86_64 /var/folders/nd/ks11whcs64b4nsy5xpjvj7540000gn/T/ynx-music-apple-native-pQfTnk/YNXMusic/SDKExplicitPrecompiledModules/CoreMotion-DXFRRF6XGEKNP3QAKITCDQIK4.pcm

SwiftExplicitDependencyGeneratePcm arm64 /var/folders/nd/ks11whcs64b4nsy5xpjvj7540000gn/T/ynx-music-apple-native-pQfTnk/YNXMusic/SDKExplicitPrecompiledModules/Network-ZPWOT9WOGTUDOV9TEAPSVUOL.pcm

SwiftExplicitDependencyGeneratePcm x86_64 /var/folders/nd/ks11whcs64b4nsy5xpjvj7540000gn/T/ynx-music-apple-native-pQfTnk/YNXMusic/SDKExplicitPrecompiledModules/AudioToolbox-54NFX6IHER4JKTCK3KTYEEURO.pcm

SwiftExplicitDependencyGeneratePcm arm64 /var/folders/nd/ks11whcs64b4nsy5xpjvj7540000gn/T/ynx-music-apple-native-pQfTnk/YNXMusic/SDKExplicitPrecompiledModules/CoreMotion-5A09VLPQGWUUV687J3LLD256N.pcm

SwiftExplicitDependencyGeneratePcm x86_64 /var/folders/nd/ks11whcs64b4nsy5xpjvj7540000gn/T/ynx-music-apple-native-pQfTnk/YNXMusic/SDKExplicitPrecompiledModules/Metal-1ON2D8ZDJM69PUX74B5HU32F2.pcm

SwiftExplicitDependencyGeneratePcm arm64 /var/folders/nd/ks11whcs64b4nsy5xpjvj7540000gn/T/ynx-music-apple-native-pQfTnk/YNXMusic/SDKExplicitPrecompiledModules/CoreImage-UKI065V5UUESMLUN7E9YA7BU.pcm

SwiftExplicitDependencyGeneratePcm arm64 /var/folders/nd/ks11whcs64b4nsy5xpjvj7540000gn/T/ynx-music-apple-native-pQfTnk/YNXMusic/SDKExplicitPrecompiledModules/CoreMedia-36O6BM09T72DB85H43B6HF8JD.pcm

SwiftExplicitDependencyGeneratePcm arm64 /var/folders/nd/ks11whcs64b4nsy5xpjvj7540000gn/T/ynx-music-apple-native-pQfTnk/YNXMusic/SDKExplicitPrecompiledModules/QuartzCore-COE8G4T62I1TCYHVV3IIX8N2K.pcm

SwiftExplicitDependencyGeneratePcm arm64 /var/folders/nd/ks11whcs64b4nsy5xpjvj7540000gn/T/ynx-music-apple-native-pQfTnk/YNXMusic/SDKExplicitPrecompiledModules/AVRouting-6GC4TY992VDUOLENLI2NU3UO7.pcm

SwiftExplicitDependencyGeneratePcm x86_64 /var/folders/nd/ks11whcs64b4nsy5xpjvj7540000gn/T/ynx-music-apple-native-pQfTnk/YNXMusic/SDKExplicitPrecompiledModules/CoreVideo-7PJUY8K54IUTHH16Z4VINSCKZ.pcm

SwiftExplicitDependencyGeneratePcm arm64 /var/folders/nd/ks11whcs64b4nsy5xpjvj7540000gn/T/ynx-music-apple-native-pQfTnk/YNXMusic/SDKExplicitPrecompiledModules/SwiftUICore-BWQPW694AS59S6HSN99P39D3L.pcm

SwiftExplicitDependencyGeneratePcm arm64 /var/folders/nd/ks11whcs64b4nsy5xpjvj7540000gn/T/ynx-music-apple-native-pQfTnk/YNXMusic/SDKExplicitPrecompiledModules/VideoToolbox-977UTKQ06P6RVNIGLUUPO7R1Z.pcm

SwiftExplicitDependencyGeneratePcm arm64 /var/folders/nd/ks11whcs64b4nsy5xpjvj7540000gn/T/ynx-music-apple-native-pQfTnk/YNXMusic/SDKExplicitPrecompiledModules/AVFAudio-17KS1TA3IQFXW8A5VUL05KJVU.pcm

SwiftExplicitDependencyGeneratePcm arm64 /var/folders/nd/ks11whcs64b4nsy5xpjvj7540000gn/T/ynx-music-apple-native-pQfTnk/YNXMusic/SDKExplicitPrecompiledModules/MediaToolbox-3WB2QM8W27957GMT6Z4Q4F33F.pcm

SwiftExplicitDependencyGeneratePcm arm64 /var/folders/nd/ks11whcs64b4nsy5xpjvj7540000gn/T/ynx-music-apple-native-pQfTnk/YNXMusic/SDKExplicitPrecompiledModules/UIKit-A30CXPJ7TMXF18394EZPJ9LRS.pcm

SwiftExplicitDependencyGeneratePcm x86_64 /var/folders/nd/ks11whcs64b4nsy5xpjvj7540000gn/T/ynx-music-apple-native-pQfTnk/YNXMusic/SDKExplicitPrecompiledModules/CoreImage-9Y04NYILWHSVIPC2APJKPTJ9G.pcm

SwiftExplicitDependencyGeneratePcm x86_64 /var/folders/nd/ks11whcs64b4nsy5xpjvj7540000gn/T/ynx-music-apple-native-pQfTnk/YNXMusic/SDKExplicitPrecompiledModules/QuartzCore-D9MHLH66H8VXRNLIJ626MVJ0Y.pcm

SwiftExplicitDependencyGeneratePcm x86_64 /var/folders/nd/ks11whcs64b4nsy5xpjvj7540000gn/T/ynx-music-apple-native-pQfTnk/YNXMusic/SDKExplicitPrecompiledModules/CoreMedia-7MWLJUH44TEYJV85V8TV715SP.pcm

SwiftExplicitDependencyGeneratePcm arm64 /var/folders/nd/ks11whcs64b4nsy5xpjvj7540000gn/T/ynx-music-apple-native-pQfTnk/YNXMusic/SDKExplicitPrecompiledModules/AVFoundation-C5DJ7GIWJ49MX20NMZTBJVPR5.pcm

SwiftExplicitDependencyGeneratePcm x86_64 /var/folders/nd/ks11whcs64b4nsy5xpjvj7540000gn/T/ynx-music-apple-native-pQfTnk/YNXMusic/SDKExplicitPrecompiledModules/SwiftUICore-DV83SZ1JD1CZXWPROFKFTMKVY.pcm

SwiftExplicitDependencyGeneratePcm x86_64 /var/folders/nd/ks11whcs64b4nsy5xpjvj7540000gn/T/ynx-music-apple-native-pQfTnk/YNXMusic/SDKExplicitPrecompiledModules/VideoToolbox-DJW5TYDM82F5AZ0LXRQACIVQ3.pcm

SwiftExplicitDependencyGeneratePcm x86_64 /var/folders/nd/ks11whcs64b4nsy5xpjvj7540000gn/T/ynx-music-apple-native-pQfTnk/YNXMusic/SDKExplicitPrecompiledModules/AVFAudio-5B6EZZDPQO035OXA9M1C0Z7VL.pcm

SwiftExplicitDependencyGeneratePcm x86_64 /var/folders/nd/ks11whcs64b4nsy5xpjvj7540000gn/T/ynx-music-apple-native-pQfTnk/YNXMusic/SDKExplicitPrecompiledModules/MediaToolbox-E1FRPDCYKKK48ZJ3B9IKX3Q7S.pcm

SwiftExplicitDependencyGeneratePcm x86_64 /var/folders/nd/ks11whcs64b4nsy5xpjvj7540000gn/T/ynx-music-apple-native-pQfTnk/YNXMusic/SDKExplicitPrecompiledModules/UIKit-CY0DTQN34GO2TMGJH3K7H6WEV.pcm

SwiftExplicitDependencyGeneratePcm x86_64 /var/folders/nd/ks11whcs64b4nsy5xpjvj7540000gn/T/ynx-music-apple-native-pQfTnk/YNXMusic/SDKExplicitPrecompiledModules/AVFoundation-B3DW1KT7SVXW7L0640SQ79BAE.pcm

SwiftExplicitDependencyGeneratePcm arm64 /var/folders/nd/ks11whcs64b4nsy5xpjvj7540000gn/T/ynx-music-apple-native-pQfTnk/YNXMusic/SDKExplicitPrecompiledModules/SwiftUI-AMPGG6FRT93AAW3HQ9K3PQA3W.pcm

SwiftExplicitDependencyGeneratePcm arm64 /var/folders/nd/ks11whcs64b4nsy5xpjvj7540000gn/T/ynx-music-apple-native-pQfTnk/YNXMusic/SDKExplicitPrecompiledModules/MediaPlayer-5I3HHBSNKJXKM2UQZUOULGMS2.pcm

SwiftEmitModule normal arm64 Emitting\ module\ for\ YNXMusic (in target 'YNXMusic' from project 'YNXMusic')

SwiftCompile normal arm64 (in target 'YNXMusic' from project 'YNXMusic')
    cd /Users/huangjiahao/Desktop/YNX\ Audit\ Worktrees/20260906-video/apps/music/ios
    

SwiftCompile normal arm64 Compiling\ MusicAccountState.swift /Users/huangjiahao/Desktop/YNX\ Audit\ Worktrees/20260906-video/apps/music/ios/YNXMusic/MusicAccountState.swift (in target 'YNXMusic' from project 'YNXMusic')

SwiftCompile normal arm64 /Users/huangjiahao/Desktop/YNX\ Audit\ Worktrees/20260906-video/apps/music/ios/YNXMusic/MusicAccountState.swift (in target 'YNXMusic' from project 'YNXMusic')
    cd /Users/huangjiahao/Desktop/YNX\ Audit\ Worktrees/20260906-video/apps/music/ios
    builtin-SwiftPerFileCompile MusicAccountState.swift

SwiftCompile normal arm64 Compiling\ YNXMusicApp.swift /Users/huangjiahao/Desktop/YNX\ Audit\ Worktrees/20260906-video/apps/music/ios/YNXMusic/YNXMusicApp.swift (in target 'YNXMusic' from project 'YNXMusic')

SwiftCompile normal arm64 /Users/huangjiahao/Desktop/YNX\ Audit\ Worktrees/20260906-video/apps/music/ios/YNXMusic/YNXMusicApp.swift (in target 'YNXMusic' from project 'YNXMusic')
    cd /Users/huangjiahao/Desktop/YNX\ Audit\ Worktrees/20260906-video/apps/music/ios
    builtin-SwiftPerFileCompile YNXMusicApp.swift

/Users/huangjiahao/Desktop/YNX Audit Worktrees/20260906-video/apps/music/ios/YNXMusic/YNXMusicApp.swift:405:10: warning: 'onChange(of:perform:)' was deprecated in iOS 17.0: Use `onChange` with a two or zero parameter action closure instead. [#DeprecatedDeclaration]
403 |             if let operation {MusicPlaylistEditor(initial:playlist,operation:operation)}
404 |         }
405 |         .onChange(of:m.viewGeneration){_ in editing=nil;operation=nil;playlistName="";discardCreation=false;discardOperation=nil}
    |          `- warning: 'onChange(of:perform:)' was deprecated in iOS 17.0: Use `onChange` with a two or zero parameter action closure instead. [#DeprecatedDeclaration]
406 |     }
407 | }

/Users/huangjiahao/Desktop/YNX Audit Worktrees/20260906-video/apps/music/ios/YNXMusic/YNXMusicApp.swift:451:10: warning: 'onChange(of:perform:)' was deprecated in iOS 17.0: Use `onChange` with a two or zero parameter action closure instead. [#DeprecatedDeclaration]
449 |             }
450 |         }.interactiveDismissDisabled(saving)
451 |         .onChange(of:m.viewGeneration){_ in dismiss()}
    |          `- warning: 'onChange(of:perform:)' was deprecated in iOS 17.0: Use `onChange` with a two or zero parameter action closure instead. [#DeprecatedDeclaration]
452 |     }
453 |     private func save(){

/Users/huangjiahao/Desktop/YNX Audit Worktrees/20260906-video/apps/music/ios/YNXMusic/YNXMusicApp.swift:473:32: warning: 'languageCode' was deprecated in iOS 16: renamed to 'language.languageCode.identifier' [#DeprecatedDeclaration]
471 | 
472 | private func musicDisplayLabels(_ tag:String)->[String] {
473 |  switch Locale(identifier:tag).languageCode ?? "en" {
    |                                |- warning: 'languageCode' was deprecated in iOS 16: renamed to 'language.languageCode.identifier' [#DeprecatedDeclaration]
    |                                `- note: use 'language.languageCode.identifier' instead
474 |  case "zh":return tag.contains("Hant") || tag.contains("TW") ? ["顯示與字級","緊湊","標準","較大"]:["显示与字号","紧凑","标准","较大"]
475 |  case "ja":return ["表示と文字サイズ","小さめ","標準","大きめ"]

[#DeprecatedDeclaration]: <https://docs.swift.org/compiler/documentation/diagnostics/deprecated-declaration>
SwiftCompile normal arm64 Compiling\ MusicCredentials.swift /Users/huangjiahao/Desktop/YNX\ Audit\ Worktrees/20260906-video/apps/music/ios/YNXMusic/MusicCredentials.swift (in target 'YNXMusic' from project 'YNXMusic')

SwiftCompile normal arm64 /Users/huangjiahao/Desktop/YNX\ Audit\ Worktrees/20260906-video/apps/music/ios/YNXMusic/MusicCredentials.swift (in target 'YNXMusic' from project 'YNXMusic')
    cd /Users/huangjiahao/Desktop/YNX\ Audit\ Worktrees/20260906-video/apps/music/ios
    builtin-SwiftPerFileCompile MusicCredentials.swift

SwiftCompile normal arm64 Compiling\ MusicAPI.swift /Users/huangjiahao/Desktop/YNX\ Audit\ Worktrees/20260906-video/apps/music/ios/YNXMusic/MusicAPI.swift (in target 'YNXMusic' from project 'YNXMusic')

SwiftCompile normal arm64 /Users/huangjiahao/Desktop/YNX\ Audit\ Worktrees/20260906-video/apps/music/ios/YNXMusic/MusicAPI.swift (in target 'YNXMusic' from project 'YNXMusic')
    cd /Users/huangjiahao/Desktop/YNX\ Audit\ Worktrees/20260906-video/apps/music/ios
    builtin-SwiftPerFileCompile MusicAPI.swift

SwiftExplicitDependencyGeneratePcm x86_64 /var/folders/nd/ks11whcs64b4nsy5xpjvj7540000gn/T/ynx-music-apple-native-pQfTnk/YNXMusic/SDKExplicitPrecompiledModules/SwiftUI-90BTOMWM9PLU7AALL8IY4G49H.pcm

SwiftExplicitDependencyGeneratePcm x86_64 /var/folders/nd/ks11whcs64b4nsy5xpjvj7540000gn/T/ynx-music-apple-native-pQfTnk/YNXMusic/SDKExplicitPrecompiledModules/MediaPlayer-CJ9F9ESXSSJVBCEKBXRA1ZSH5.pcm

SwiftCompile normal x86_64 Compiling\ MusicAPI.swift /Users/huangjiahao/Desktop/YNX\ Audit\ Worktrees/20260906-video/apps/music/ios/YNXMusic/MusicAPI.swift (in target 'YNXMusic' from project 'YNXMusic')

SwiftCompile normal x86_64 /Users/huangjiahao/Desktop/YNX\ Audit\ Worktrees/20260906-video/apps/music/ios/YNXMusic/MusicAPI.swift (in target 'YNXMusic' from project 'YNXMusic')
    cd /Users/huangjiahao/Desktop/YNX\ Audit\ Worktrees/20260906-video/apps/music/ios
    builtin-SwiftPerFileCompile MusicAPI.swift

SwiftCompile normal x86_64 Compiling\ YNXMusicApp.swift /Users/huangjiahao/Desktop/YNX\ Audit\ Worktrees/20260906-video/apps/music/ios/YNXMusic/YNXMusicApp.swift (in target 'YNXMusic' from project 'YNXMusic')

SwiftCompile normal x86_64 /Users/huangjiahao/Desktop/YNX\ Audit\ Worktrees/20260906-video/apps/music/ios/YNXMusic/YNXMusicApp.swift (in target 'YNXMusic' from project 'YNXMusic')
    cd /Users/huangjiahao/Desktop/YNX\ Audit\ Worktrees/20260906-video/apps/music/ios
    builtin-SwiftPerFileCompile YNXMusicApp.swift

/Users/huangjiahao/Desktop/YNX Audit Worktrees/20260906-video/apps/music/ios/YNXMusic/YNXMusicApp.swift:405:10: warning: 'onChange(of:perform:)' was deprecated in iOS 17.0: Use `onChange` with a two or zero parameter action closure instead. [#DeprecatedDeclaration]
403 |             if let operation {MusicPlaylistEditor(initial:playlist,operation:operation)}
404 |         }
405 |         .onChange(of:m.viewGeneration){_ in editing=nil;operation=nil;playlistName="";discardCreation=false;discardOperation=nil}
    |          `- warning: 'onChange(of:perform:)' was deprecated in iOS 17.0: Use `onChange` with a two or zero parameter action closure instead. [#DeprecatedDeclaration]
406 |     }
407 | }

/Users/huangjiahao/Desktop/YNX Audit Worktrees/20260906-video/apps/music/ios/YNXMusic/YNXMusicApp.swift:451:10: warning: 'onChange(of:perform:)' was deprecated in iOS 17.0: Use `onChange` with a two or zero parameter action closure instead. [#DeprecatedDeclaration]
449 |             }
450 |         }.interactiveDismissDisabled(saving)
451 |         .onChange(of:m.viewGeneration){_ in dismiss()}
    |          `- warning: 'onChange(of:perform:)' was deprecated in iOS 17.0: Use `onChange` with a two or zero parameter action closure instead. [#DeprecatedDeclaration]
452 |     }
453 |     private func save(){

/Users/huangjiahao/Desktop/YNX Audit Worktrees/20260906-video/apps/music/ios/YNXMusic/YNXMusicApp.swift:473:32: warning: 'languageCode' was deprecated in iOS 16: renamed to 'language.languageCode.identifier' [#DeprecatedDeclaration]
471 | 
472 | private func musicDisplayLabels(_ tag:String)->[String] {
473 |  switch Locale(identifier:tag).languageCode ?? "en" {
    |                                |- warning: 'languageCode' was deprecated in iOS 16: renamed to 'language.languageCode.identifier' [#DeprecatedDeclaration]
    |                                `- note: use 'language.languageCode.identifier' instead
474 |  case "zh":return tag.contains("Hant") || tag.contains("TW") ? ["顯示與字級","緊湊","標準","較大"]:["显示与字号","紧凑","标准","较大"]
475 |  case "ja":return ["表示と文字サイズ","小さめ","標準","大きめ"]

[#DeprecatedDeclaration]: <https://docs.swift.org/compiler/documentation/diagnostics/deprecated-declaration>
SwiftEmitModule normal x86_64 Emitting\ module\ for\ YNXMusic (in target 'YNXMusic' from project 'YNXMusic')

SwiftCompile normal x86_64 (in target 'YNXMusic' from project 'YNXMusic')
    cd /Users/huangjiahao/Desktop/YNX\ Audit\ Worktrees/20260906-video/apps/music/ios
    

SwiftCompile normal x86_64 Compiling\ MusicCredentials.swift /Users/huangjiahao/Desktop/YNX\ Audit\ Worktrees/20260906-video/apps/music/ios/YNXMusic/MusicCredentials.swift (in target 'YNXMusic' from project 'YNXMusic')

SwiftCompile normal x86_64 /Users/huangjiahao/Desktop/YNX\ Audit\ Worktrees/20260906-video/apps/music/ios/YNXMusic/MusicCredentials.swift (in target 'YNXMusic' from project 'YNXMusic')
    cd /Users/huangjiahao/Desktop/YNX\ Audit\ Worktrees/20260906-video/apps/music/ios
    builtin-SwiftPerFileCompile MusicCredentials.swift

SwiftCompile normal x86_64 Compiling\ MusicAccountState.swift /Users/huangjiahao/Desktop/YNX\ Audit\ Worktrees/20260906-video/apps/music/ios/YNXMusic/MusicAccountState.swift (in target 'YNXMusic' from project 'YNXMusic')

SwiftCompile normal x86_64 /Users/huangjiahao/Desktop/YNX\ Audit\ Worktrees/20260906-video/apps/music/ios/YNXMusic/MusicAccountState.swift (in target 'YNXMusic' from project 'YNXMusic')
    cd /Users/huangjiahao/Desktop/YNX\ Audit\ Worktrees/20260906-video/apps/music/ios
    builtin-SwiftPerFileCompile MusicAccountState.swift

SwiftDriverJobDiscovery normal arm64 Compiling MusicCredentials.swift (in target 'YNXMusic' from project 'YNXMusic')

SwiftDriverJobDiscovery normal arm64 Emitting module for YNXMusic (in target 'YNXMusic' from project 'YNXMusic')

SwiftDriver\ Compilation\ Requirements YNXMusic normal arm64 com.apple.xcode.tools.swift.compiler (in target 'YNXMusic' from project 'YNXMusic')
    cd /Users/huangjiahao/Desktop/YNX\ Audit\ Worktrees/20260906-video/apps/music/ios
    builtin-Swift-Compilation-Requirements -- /Applications/Xcode.app/Contents/Developer/Toolchains/XcodeDefault.xctoolchain/usr/bin/swiftc -module-name YNXMusic -O @/var/folders/nd/ks11whcs64b4nsy5xpjvj7540000gn/T/ynx-music-apple-native-pQfTnk/YNXMusic/Build/Intermediates.noindex/YNXMusic.build/Debug-iphonesimulator/YNXMusic.build/Objects-normal/arm64/YNXMusic.SwiftFileList -enable-bare-slash-regex -enable-experimental-feature DebugDescriptionMacro -sdk /Applications/Xcode.app/Contents/Developer/Platforms/iPhoneSimulator.platform/Developer/SDKs/iPhoneSimulator27.0.sdk -target arm64-apple-ios17.0-simulator -g -module-cache-path /var/folders/nd/ks11whcs64b4nsy5xpjvj7540000gn/T/ynx-music-apple-native-pQfTnk/YNXMusic/ModuleCache.noindex -Xfrontend -serialize-debugging-options -swift-version 5 -I /var/folders/nd/ks11whcs64b4nsy5xpjvj7540000gn/T/ynx-music-apple-native-pQfTnk/YNXMusic/Build/Products/Debug-iphonesimulator -F /var/folders/nd/ks11whcs64b4nsy5xpjvj7540000gn/T/ynx-music-apple-native-pQfTnk/YNXMusic/Build/Products/Debug-iphonesimulator -emit-localized-strings -emit-localized-strings-path /var/folders/nd/ks11whcs64b4nsy5xpjvj7540000gn/T/ynx-music-apple-native-pQfTnk/YNXMusic/Build/Intermediates.noindex/YNXMusic.build/Debug-iphonesimulator/YNXMusic.build/Objects-normal/arm64 -c -j10 -enable-batch-mode -incremental -Xcc -ivfsstatcache -Xcc /var/folders/nd/ks11whcs64b4nsy5xpjvj7540000gn/T/ynx-music-apple-native-pQfTnk/YNXMusic/SDKStatCaches.noindex/iphonesimulator27.0-24A430-8dc58220667be655e1bcc261a7455254.sdkstatcache -output-file-map /var/folders/nd/ks11whcs64b4nsy5xpjvj7540000gn/T/ynx-music-apple-native-pQfTnk/YNXMusic/Build/Intermediates.noindex/YNXMusic.build/Debug-iphonesimulator/YNXMusic.build/Objects-normal/arm64/YNXMusic-OutputFileMap.json -save-temps -no-color-diagnostics -explicit-module-build -module-cache-path /var/folders/nd/ks11whcs64b4nsy5xpjvj7540000gn/T/ynx-music-apple-native-pQfTnk/YNXMusic/Build/Intermediates.noindex/SwiftExplicitPrecompiledModules -clang-scanner-module-cache-path /var/folders/nd/ks11whcs64b4nsy5xpjvj7540000gn/T/ynx-music-apple-native-pQfTnk/YNXMusic/ModuleCache.noindex -sdk-module-cache-path /var/folders/nd/ks11whcs64b4nsy5xpjvj7540000gn/T/ynx-music-apple-native-pQfTnk/YNXMusic/SDKExplicitPrecompiledModules -emit-dependencies -emit-module -emit-module-path /var/folders/nd/ks11whcs64b4nsy5xpjvj7540000gn/T/ynx-music-apple-native-pQfTnk/YNXMusic/Build/Intermediates.noindex/YNXMusic.build/Debug-iphonesimulator/YNXMusic.build/Objects-normal/arm64/YNXMusic.swiftmodule -serialize-diagnostics -dependency-scan-serialize-diagnostics-path /var/folders/nd/ks11whcs64b4nsy5xpjvj7540000gn/T/ynx-music-apple-native-pQfTnk/YNXMusic/Build/Intermediates.noindex/YNXMusic.build/Debug-iphonesimulator/YNXMusic.build/Objects-normal/arm64/YNXMusic-dependency-scan.dia -validate-clang-modules-once -clang-build-session-file /var/folders/nd/ks11whcs64b4nsy5xpjvj7540000gn/T/ynx-music-apple-native-pQfTnk/YNXMusic/ModuleCache.noindex/Session.modulevalidation -Xcc -fmodules-prune-interval\=86400 -Xcc -fmodules-prune-after\=345600 -emit-const-values -const-gather-protocols-list /var/folders/nd/ks11whcs64b4nsy5xpjvj7540000gn/T/ynx-music-apple-native-pQfTnk/YNXMusic/Build/Intermediates.noindex/YNXMusic.build/Debug-iphonesimulator/YNXMusic.build/Objects-normal/arm64/YNXMusic_const_extract_protocols.json -Xcc -iquote -Xcc /var/folders/nd/ks11whcs64b4nsy5xpjvj7540000gn/T/ynx-music-apple-native-pQfTnk/YNXMusic/Build/Intermediates.noindex/YNXMusic.build/Debug-iphonesimulator/YNXMusic.build/YNXMusic-generated-files.hmap -Xcc -I/var/folders/nd/ks11whcs64b4nsy5xpjvj7540000gn/T/ynx-music-apple-native-pQfTnk/YNXMusic/Build/Intermediates.noindex/YNXMusic.build/Debug-iphonesimulator/YNXMusic.build/YNXMusic-own-target-headers.hmap -Xcc -I/var/folders/nd/ks11whcs64b4nsy5xpjvj7540000gn/T/ynx-music-apple-native-pQfTnk/YNXMusic/Build/Intermediates.noindex/YNXMusic.build/Debug-iphonesimulator/YNXMusic.build/YNXMusic-all-target-headers.hmap -Xcc -iquote -Xcc /var/folders/nd/ks11whcs64b4nsy5xpjvj7540000gn/T/ynx-music-apple-native-pQfTnk/YNXMusic/Build/Intermediates.noindex/YNXMusic.build/Debug-iphonesimulator/YNXMusic.build/YNXMusic-project-headers.hmap -Xcc -I/var/folders/nd/ks11whcs64b4nsy5xpjvj7540000gn/T/ynx-music-apple-native-pQfTnk/YNXMusic/Build/Products/Debug-iphonesimulator/include -Xcc -I/var/folders/nd/ks11whcs64b4nsy5xpjvj7540000gn/T/ynx-music-apple-native-pQfTnk/YNXMusic/Build/Intermediates.noindex/YNXMusic.build/Debug-iphonesimulator/YNXMusic.build/DerivedSources-normal/arm64 -Xcc -I/var/folders/nd/ks11whcs64b4nsy5xpjvj7540000gn/T/ynx-music-apple-native-pQfTnk/YNXMusic/Build/Intermediates.noindex/YNXMusic.build/Debug-iphonesimulator/YNXMusic.build/DerivedSources/arm64 -Xcc -I/var/folders/nd/ks11whcs64b4nsy5xpjvj7540000gn/T/ynx-music-apple-native-pQfTnk/YNXMusic/Build/Intermediates.noindex/YNXMusic.build/Debug-iphonesimulator/YNXMusic.build/DerivedSources -emit-objc-header -emit-objc-header-path /var/folders/nd/ks11whcs64b4nsy5xpjvj7540000gn/T/ynx-music-apple-native-pQfTnk/YNXMusic/Build/Intermediates.noindex/YNXMusic.build/Debug-iphonesimulator/YNXMusic.build/Objects-normal/arm64/YNXMusic-Swift.h -working-directory /Users/huangjiahao/Desktop/YNX\ Audit\ Worktrees/20260906-video/apps/music/ios -experimental-emit-module-separately -disable-cmo

Copy /var/folders/nd/ks11whcs64b4nsy5xpjvj7540000gn/T/ynx-music-apple-native-pQfTnk/YNXMusic/Build/Products/Debug-iphonesimulator/YNXMusic.swiftmodule/arm64-apple-ios-simulator.swiftdoc /var/folders/nd/ks11whcs64b4nsy5xpjvj7540000gn/T/ynx-music-apple-native-pQfTnk/YNXMusic/Build/Intermediates.noindex/YNXMusic.build/Debug-iphonesimulator/YNXMusic.build/Objects-normal/arm64/YNXMusic.swiftdoc (in target 'YNXMusic' from project 'YNXMusic')
    cd /Users/huangjiahao/Desktop/YNX\ Audit\ Worktrees/20260906-video/apps/music/ios
    builtin-copy -exclude .DS_Store -exclude CVS -exclude .svn -exclude .git -exclude .hg -strip-unsigned-binaries -strip-deterministic -strip-tool /Applications/Xcode.app/Contents/Developer/Toolchains/XcodeDefault.xctoolchain/usr/bin/strip -resolve-src-symlinks -rename /var/folders/nd/ks11whcs64b4nsy5xpjvj7540000gn/T/ynx-music-apple-native-pQfTnk/YNXMusic/Build/Intermediates.noindex/YNXMusic.build/Debug-iphonesimulator/YNXMusic.build/Objects-normal/arm64/YNXMusic.swiftdoc /var/folders/nd/ks11whcs64b4nsy5xpjvj7540000gn/T/ynx-music-apple-native-pQfTnk/YNXMusic/Build/Products/Debug-iphonesimulator/YNXMusic.swiftmodule/arm64-apple-ios-simulator.swiftdoc

Copy /var/folders/nd/ks11whcs64b4nsy5xpjvj7540000gn/T/ynx-music-apple-native-pQfTnk/YNXMusic/Build/Products/Debug-iphonesimulator/YNXMusic.swiftmodule/arm64-apple-ios-simulator.swiftmodule /var/folders/nd/ks11whcs64b4nsy5xpjvj7540000gn/T/ynx-music-apple-native-pQfTnk/YNXMusic/Build/Intermediates.noindex/YNXMusic.build/Debug-iphonesimulator/YNXMusic.build/Objects-normal/arm64/YNXMusic.swiftmodule (in target 'YNXMusic' from project 'YNXMusic')
    cd /Users/huangjiahao/Desktop/YNX\ Audit\ Worktrees/20260906-video/apps/music/ios
    builtin-copy -exclude .DS_Store -exclude CVS -exclude .svn -exclude .git -exclude .hg -strip-unsigned-binaries -strip-deterministic -strip-tool /Applications/Xcode.app/Contents/Developer/Toolchains/XcodeDefault.xctoolchain/usr/bin/strip -resolve-src-symlinks -rename /var/folders/nd/ks11whcs64b4nsy5xpjvj7540000gn/T/ynx-music-apple-native-pQfTnk/YNXMusic/Build/Intermediates.noindex/YNXMusic.build/Debug-iphonesimulator/YNXMusic.build/Objects-normal/arm64/YNXMusic.swiftmodule /var/folders/nd/ks11whcs64b4nsy5xpjvj7540000gn/T/ynx-music-apple-native-pQfTnk/YNXMusic/Build/Products/Debug-iphonesimulator/YNXMusic.swiftmodule/arm64-apple-ios-simulator.swiftmodule

Copy /var/folders/nd/ks11whcs64b4nsy5xpjvj7540000gn/T/ynx-music-apple-native-pQfTnk/YNXMusic/Build/Products/Debug-iphonesimulator/YNXMusic.swiftmodule/arm64-apple-ios-simulator.abi.json /var/folders/nd/ks11whcs64b4nsy5xpjvj7540000gn/T/ynx-music-apple-native-pQfTnk/YNXMusic/Build/Intermediates.noindex/YNXMusic.build/Debug-iphonesimulator/YNXMusic.build/Objects-normal/arm64/YNXMusic.abi.json (in target 'YNXMusic' from project 'YNXMusic')
    cd /Users/huangjiahao/Desktop/YNX\ Audit\ Worktrees/20260906-video/apps/music/ios
    builtin-copy -exclude .DS_Store -exclude CVS -exclude .svn -exclude .git -exclude .hg -strip-unsigned-binaries -strip-deterministic -strip-tool /Applications/Xcode.app/Contents/Developer/Toolchains/XcodeDefault.xctoolchain/usr/bin/strip -resolve-src-symlinks -rename /var/folders/nd/ks11whcs64b4nsy5xpjvj7540000gn/T/ynx-music-apple-native-pQfTnk/YNXMusic/Build/Intermediates.noindex/YNXMusic.build/Debug-iphonesimulator/YNXMusic.build/Objects-normal/arm64/YNXMusic.abi.json /var/folders/nd/ks11whcs64b4nsy5xpjvj7540000gn/T/ynx-music-apple-native-pQfTnk/YNXMusic/Build/Products/Debug-iphonesimulator/YNXMusic.swiftmodule/arm64-apple-ios-simulator.abi.json

Copy /var/folders/nd/ks11whcs64b4nsy5xpjvj7540000gn/T/ynx-music-apple-native-pQfTnk/YNXMusic/Build/Products/Debug-iphonesimulator/YNXMusic.swiftmodule/Project/arm64-apple-ios-simulator.swiftsourceinfo /var/folders/nd/ks11whcs64b4nsy5xpjvj7540000gn/T/ynx-music-apple-native-pQfTnk/YNXMusic/Build/Intermediates.noindex/YNXMusic.build/Debug-iphonesimulator/YNXMusic.build/Objects-normal/arm64/YNXMusic.swiftsourceinfo (in target 'YNXMusic' from project 'YNXMusic')
    cd /Users/huangjiahao/Desktop/YNX\ Audit\ Worktrees/20260906-video/apps/music/ios
    builtin-copy -exclude .DS_Store -exclude CVS -exclude .svn -exclude .git -exclude .hg -strip-unsigned-binaries -strip-deterministic -strip-tool /Applications/Xcode.app/Contents/Developer/Toolchains/XcodeDefault.xctoolchain/usr/bin/strip -resolve-src-symlinks -rename /var/folders/nd/ks11whcs64b4nsy5xpjvj7540000gn/T/ynx-music-apple-native-pQfTnk/YNXMusic/Build/Intermediates.noindex/YNXMusic.build/Debug-iphonesimulator/YNXMusic.build/Objects-normal/arm64/YNXMusic.swiftsourceinfo /var/folders/nd/ks11whcs64b4nsy5xpjvj7540000gn/T/ynx-music-apple-native-pQfTnk/YNXMusic/Build/Products/Debug-iphonesimulator/YNXMusic.swiftmodule/Project/arm64-apple-ios-simulator.swiftsourceinfo

SwiftDriverJobDiscovery normal x86_64 Compiling MusicCredentials.swift (in target 'YNXMusic' from project 'YNXMusic')

SwiftDriverJobDiscovery normal x86_64 Emitting module for YNXMusic (in target 'YNXMusic' from project 'YNXMusic')

SwiftDriver\ Compilation\ Requirements YNXMusic normal x86_64 com.apple.xcode.tools.swift.compiler (in target 'YNXMusic' from project 'YNXMusic')
    cd /Users/huangjiahao/Desktop/YNX\ Audit\ Worktrees/20260906-video/apps/music/ios
    builtin-Swift-Compilation-Requirements -- /Applications/Xcode.app/Contents/Developer/Toolchains/XcodeDefault.xctoolchain/usr/bin/swiftc -module-name YNXMusic -O @/var/folders/nd/ks11whcs64b4nsy5xpjvj7540000gn/T/ynx-music-apple-native-pQfTnk/YNXMusic/Build/Intermediates.noindex/YNXMusic.build/Debug-iphonesimulator/YNXMusic.build/Objects-normal/x86_64/YNXMusic.SwiftFileList -enable-bare-slash-regex -enable-experimental-feature DebugDescriptionMacro -sdk /Applications/Xcode.app/Contents/Developer/Platforms/iPhoneSimulator.platform/Developer/SDKs/iPhoneSimulator27.0.sdk -target x86_64-apple-ios17.0-simulator -g -module-cache-path /var/folders/nd/ks11whcs64b4nsy5xpjvj7540000gn/T/ynx-music-apple-native-pQfTnk/YNXMusic/ModuleCache.noindex -Xfrontend -serialize-debugging-options -swift-version 5 -I /var/folders/nd/ks11whcs64b4nsy5xpjvj7540000gn/T/ynx-music-apple-native-pQfTnk/YNXMusic/Build/Products/Debug-iphonesimulator -F /var/folders/nd/ks11whcs64b4nsy5xpjvj7540000gn/T/ynx-music-apple-native-pQfTnk/YNXMusic/Build/Products/Debug-iphonesimulator -emit-localized-strings -emit-localized-strings-path /var/folders/nd/ks11whcs64b4nsy5xpjvj7540000gn/T/ynx-music-apple-native-pQfTnk/YNXMusic/Build/Intermediates.noindex/YNXMusic.build/Debug-iphonesimulator/YNXMusic.build/Objects-normal/x86_64 -c -j10 -enable-batch-mode -incremental -Xcc -ivfsstatcache -Xcc /var/folders/nd/ks11whcs64b4nsy5xpjvj7540000gn/T/ynx-music-apple-native-pQfTnk/YNXMusic/SDKStatCaches.noindex/iphonesimulator27.0-24A430-8dc58220667be655e1bcc261a7455254.sdkstatcache -output-file-map /var/folders/nd/ks11whcs64b4nsy5xpjvj7540000gn/T/ynx-music-apple-native-pQfTnk/YNXMusic/Build/Intermediates.noindex/YNXMusic.build/Debug-iphonesimulator/YNXMusic.build/Objects-normal/x86_64/YNXMusic-OutputFileMap.json -save-temps -no-color-diagnostics -explicit-module-build -module-cache-path /var/folders/nd/ks11whcs64b4nsy5xpjvj7540000gn/T/ynx-music-apple-native-pQfTnk/YNXMusic/Build/Intermediates.noindex/SwiftExplicitPrecompiledModules -clang-scanner-module-cache-path /var/folders/nd/ks11whcs64b4nsy5xpjvj7540000gn/T/ynx-music-apple-native-pQfTnk/YNXMusic/ModuleCache.noindex -sdk-module-cache-path /var/folders/nd/ks11whcs64b4nsy5xpjvj7540000gn/T/ynx-music-apple-native-pQfTnk/YNXMusic/SDKExplicitPrecompiledModules -emit-dependencies -emit-module -emit-module-path /var/folders/nd/ks11whcs64b4nsy5xpjvj7540000gn/T/ynx-music-apple-native-pQfTnk/YNXMusic/Build/Intermediates.noindex/YNXMusic.build/Debug-iphonesimulator/YNXMusic.build/Objects-normal/x86_64/YNXMusic.swiftmodule -serialize-diagnostics -dependency-scan-serialize-diagnostics-path /var/folders/nd/ks11whcs64b4nsy5xpjvj7540000gn/T/ynx-music-apple-native-pQfTnk/YNXMusic/Build/Intermediates.noindex/YNXMusic.build/Debug-iphonesimulator/YNXMusic.build/Objects-normal/x86_64/YNXMusic-dependency-scan.dia -validate-clang-modules-once -clang-build-session-file /var/folders/nd/ks11whcs64b4nsy5xpjvj7540000gn/T/ynx-music-apple-native-pQfTnk/YNXMusic/ModuleCache.noindex/Session.modulevalidation -Xcc -fmodules-prune-interval\=86400 -Xcc -fmodules-prune-after\=345600 -emit-const-values -const-gather-protocols-list /var/folders/nd/ks11whcs64b4nsy5xpjvj7540000gn/T/ynx-music-apple-native-pQfTnk/YNXMusic/Build/Intermediates.noindex/YNXMusic.build/Debug-iphonesimulator/YNXMusic.build/Objects-normal/x86_64/YNXMusic_const_extract_protocols.json -Xcc -iquote -Xcc /var/folders/nd/ks11whcs64b4nsy5xpjvj7540000gn/T/ynx-music-apple-native-pQfTnk/YNXMusic/Build/Intermediates.noindex/YNXMusic.build/Debug-iphonesimulator/YNXMusic.build/YNXMusic-generated-files.hmap -Xcc -I/var/folders/nd/ks11whcs64b4nsy5xpjvj7540000gn/T/ynx-music-apple-native-pQfTnk/YNXMusic/Build/Intermediates.noindex/YNXMusic.build/Debug-iphonesimulator/YNXMusic.build/YNXMusic-own-target-headers.hmap -Xcc -I/var/folders/nd/ks11whcs64b4nsy5xpjvj7540000gn/T/ynx-music-apple-native-pQfTnk/YNXMusic/Build/Intermediates.noindex/YNXMusic.build/Debug-iphonesimulator/YNXMusic.build/YNXMusic-all-target-headers.hmap -Xcc -iquote -Xcc /var/folders/nd/ks11whcs64b4nsy5xpjvj7540000gn/T/ynx-music-apple-native-pQfTnk/YNXMusic/Build/Intermediates.noindex/YNXMusic.build/Debug-iphonesimulator/YNXMusic.build/YNXMusic-project-headers.hmap -Xcc -I/var/folders/nd/ks11whcs64b4nsy5xpjvj7540000gn/T/ynx-music-apple-native-pQfTnk/YNXMusic/Build/Products/Debug-iphonesimulator/include -Xcc -I/var/folders/nd/ks11whcs64b4nsy5xpjvj7540000gn/T/ynx-music-apple-native-pQfTnk/YNXMusic/Build/Intermediates.noindex/YNXMusic.build/Debug-iphonesimulator/YNXMusic.build/DerivedSources-normal/x86_64 -Xcc -I/var/folders/nd/ks11whcs64b4nsy5xpjvj7540000gn/T/ynx-music-apple-native-pQfTnk/YNXMusic/Build/Intermediates.noindex/YNXMusic.build/Debug-iphonesimulator/YNXMusic.build/DerivedSources/x86_64 -Xcc -I/var/folders/nd/ks11whcs64b4nsy5xpjvj7540000gn/T/ynx-music-apple-native-pQfTnk/YNXMusic/Build/Intermediates.noindex/YNXMusic.build/Debug-iphonesimulator/YNXMusic.build/DerivedSources -emit-objc-header -emit-objc-header-path /var/folders/nd/ks11whcs64b4nsy5xpjvj7540000gn/T/ynx-music-apple-native-pQfTnk/YNXMusic/Build/Intermediates.noindex/YNXMusic.build/Debug-iphonesimulator/YNXMusic.build/Objects-normal/x86_64/YNXMusic-Swift.h -working-directory /Users/huangjiahao/Desktop/YNX\ Audit\ Worktrees/20260906-video/apps/music/ios -experimental-emit-module-separately -disable-cmo

Copy /var/folders/nd/ks11whcs64b4nsy5xpjvj7540000gn/T/ynx-music-apple-native-pQfTnk/YNXMusic/Build/Products/Debug-iphonesimulator/YNXMusic.swiftmodule/x86_64-apple-ios-simulator.swiftmodule /var/folders/nd/ks11whcs64b4nsy5xpjvj7540000gn/T/ynx-music-apple-native-pQfTnk/YNXMusic/Build/Intermediates.noindex/YNXMusic.build/Debug-iphonesimulator/YNXMusic.build/Objects-normal/x86_64/YNXMusic.swiftmodule (in target 'YNXMusic' from project 'YNXMusic')
    cd /Users/huangjiahao/Desktop/YNX\ Audit\ Worktrees/20260906-video/apps/music/ios
    builtin-copy -exclude .DS_Store -exclude CVS -exclude .svn -exclude .git -exclude .hg -strip-unsigned-binaries -strip-deterministic -strip-tool /Applications/Xcode.app/Contents/Developer/Toolchains/XcodeDefault.xctoolchain/usr/bin/strip -resolve-src-symlinks -rename /var/folders/nd/ks11whcs64b4nsy5xpjvj7540000gn/T/ynx-music-apple-native-pQfTnk/YNXMusic/Build/Intermediates.noindex/YNXMusic.build/Debug-iphonesimulator/YNXMusic.build/Objects-normal/x86_64/YNXMusic.swiftmodule /var/folders/nd/ks11whcs64b4nsy5xpjvj7540000gn/T/ynx-music-apple-native-pQfTnk/YNXMusic/Build/Products/Debug-iphonesimulator/YNXMusic.swiftmodule/x86_64-apple-ios-simulator.swiftmodule

Copy /var/folders/nd/ks11whcs64b4nsy5xpjvj7540000gn/T/ynx-music-apple-native-pQfTnk/YNXMusic/Build/Products/Debug-iphonesimulator/YNXMusic.swiftmodule/x86_64-apple-ios-simulator.swiftdoc /var/folders/nd/ks11whcs64b4nsy5xpjvj7540000gn/T/ynx-music-apple-native-pQfTnk/YNXMusic/Build/Intermediates.noindex/YNXMusic.build/Debug-iphonesimulator/YNXMusic.build/Objects-normal/x86_64/YNXMusic.swiftdoc (in target 'YNXMusic' from project 'YNXMusic')
    cd /Users/huangjiahao/Desktop/YNX\ Audit\ Worktrees/20260906-video/apps/music/ios
    builtin-copy -exclude .DS_Store -exclude CVS -exclude .svn -exclude .git -exclude .hg -strip-unsigned-binaries -strip-deterministic -strip-tool /Applications/Xcode.app/Contents/Developer/Toolchains/XcodeDefault.xctoolchain/usr/bin/strip -resolve-src-symlinks -rename /var/folders/nd/ks11whcs64b4nsy5xpjvj7540000gn/T/ynx-music-apple-native-pQfTnk/YNXMusic/Build/Intermediates.noindex/YNXMusic.build/Debug-iphonesimulator/YNXMusic.build/Objects-normal/x86_64/YNXMusic.swiftdoc /var/folders/nd/ks11whcs64b4nsy5xpjvj7540000gn/T/ynx-music-apple-native-pQfTnk/YNXMusic/Build/Products/Debug-iphonesimulator/YNXMusic.swiftmodule/x86_64-apple-ios-simulator.swiftdoc

Copy /var/folders/nd/ks11whcs64b4nsy5xpjvj7540000gn/T/ynx-music-apple-native-pQfTnk/YNXMusic/Build/Products/Debug-iphonesimulator/YNXMusic.swiftmodule/x86_64-apple-ios-simulator.abi.json /var/folders/nd/ks11whcs64b4nsy5xpjvj7540000gn/T/ynx-music-apple-native-pQfTnk/YNXMusic/Build/Intermediates.noindex/YNXMusic.build/Debug-iphonesimulator/YNXMusic.build/Objects-normal/x86_64/YNXMusic.abi.json (in target 'YNXMusic' from project 'YNXMusic')
    cd /Users/huangjiahao/Desktop/YNX\ Audit\ Worktrees/20260906-video/apps/music/ios
    builtin-copy -exclude .DS_Store -exclude CVS -exclude .svn -exclude .git -exclude .hg -strip-unsigned-binaries -strip-deterministic -strip-tool /Applications/Xcode.app/Contents/Developer/Toolchains/XcodeDefault.xctoolchain/usr/bin/strip -resolve-src-symlinks -rename /var/folders/nd/ks11whcs64b4nsy5xpjvj7540000gn/T/ynx-music-apple-native-pQfTnk/YNXMusic/Build/Intermediates.noindex/YNXMusic.build/Debug-iphonesimulator/YNXMusic.build/Objects-normal/x86_64/YNXMusic.abi.json /var/folders/nd/ks11whcs64b4nsy5xpjvj7540000gn/T/ynx-music-apple-native-pQfTnk/YNXMusic/Build/Products/Debug-iphonesimulator/YNXMusic.swiftmodule/x86_64-apple-ios-simulator.abi.json

SwiftMergeGeneratedHeaders /var/folders/nd/ks11whcs64b4nsy5xpjvj7540000gn/T/ynx-music-apple-native-pQfTnk/YNXMusic/Build/Intermediates.noindex/YNXMusic.build/Debug-iphonesimulator/YNXMusic.build/DerivedSources/YNXMusic-Swift.h /var/folders/nd/ks11whcs64b4nsy5xpjvj7540000gn/T/ynx-music-apple-native-pQfTnk/YNXMusic/Build/Intermediates.noindex/YNXMusic.build/Debug-iphonesimulator/YNXMusic.build/Objects-normal/arm64/YNXMusic-Swift.h /var/folders/nd/ks11whcs64b4nsy5xpjvj7540000gn/T/ynx-music-apple-native-pQfTnk/YNXMusic/Build/Intermediates.noindex/YNXMusic.build/Debug-iphonesimulator/YNXMusic.build/Objects-normal/x86_64/YNXMusic-Swift.h (in target 'YNXMusic' from project 'YNXMusic')
    cd /Users/huangjiahao/Desktop/YNX\ Audit\ Worktrees/20260906-video/apps/music/ios
    builtin-swiftHeaderTool -arch arm64 /var/folders/nd/ks11whcs64b4nsy5xpjvj7540000gn/T/ynx-music-apple-native-pQfTnk/YNXMusic/Build/Intermediates.noindex/YNXMusic.build/Debug-iphonesimulator/YNXMusic.build/Objects-normal/arm64/YNXMusic-Swift.h -arch x86_64 /var/folders/nd/ks11whcs64b4nsy5xpjvj7540000gn/T/ynx-music-apple-native-pQfTnk/YNXMusic/Build/Intermediates.noindex/YNXMusic.build/Debug-iphonesimulator/YNXMusic.build/Objects-normal/x86_64/YNXMusic-Swift.h -o /var/folders/nd/ks11whcs64b4nsy5xpjvj7540000gn/T/ynx-music-apple-native-pQfTnk/YNXMusic/Build/Intermediates.noindex/YNXMusic.build/Debug-iphonesimulator/YNXMusic.build/DerivedSources/YNXMusic-Swift.h

Copy /var/folders/nd/ks11whcs64b4nsy5xpjvj7540000gn/T/ynx-music-apple-native-pQfTnk/YNXMusic/Build/Products/Debug-iphonesimulator/YNXMusic.swiftmodule/Project/x86_64-apple-ios-simulator.swiftsourceinfo /var/folders/nd/ks11whcs64b4nsy5xpjvj7540000gn/T/ynx-music-apple-native-pQfTnk/YNXMusic/Build/Intermediates.noindex/YNXMusic.build/Debug-iphonesimulator/YNXMusic.build/Objects-normal/x86_64/YNXMusic.swiftsourceinfo (in target 'YNXMusic' from project 'YNXMusic')
    cd /Users/huangjiahao/Desktop/YNX\ Audit\ Worktrees/20260906-video/apps/music/ios
    builtin-copy -exclude .DS_Store -exclude CVS -exclude .svn -exclude .git -exclude .hg -strip-unsigned-binaries -strip-deterministic -strip-tool /Applications/Xcode.app/Contents/Developer/Toolchains/XcodeDefault.xctoolchain/usr/bin/strip -resolve-src-symlinks -rename /var/folders/nd/ks11whcs64b4nsy5xpjvj7540000gn/T/ynx-music-apple-native-pQfTnk/YNXMusic/Build/Intermediates.noindex/YNXMusic.build/Debug-iphonesimulator/YNXMusic.build/Objects-normal/x86_64/YNXMusic.swiftsourceinfo /var/folders/nd/ks11whcs64b4nsy5xpjvj7540000gn/T/ynx-music-apple-native-pQfTnk/YNXMusic/Build/Products/Debug-iphonesimulator/YNXMusic.swiftmodule/Project/x86_64-apple-ios-simulator.swiftsourceinfo

SwiftDriverJobDiscovery normal arm64 Compiling MusicAPI.swift (in target 'YNXMusic' from project 'YNXMusic')

SwiftDriverJobDiscovery normal x86_64 Compiling MusicAPI.swift (in target 'YNXMusic' from project 'YNXMusic')

SwiftDriverJobDiscovery normal arm64 Compiling MusicAccountState.swift (in target 'YNXMusic' from project 'YNXMusic')

SwiftDriverJobDiscovery normal x86_64 Compiling MusicAccountState.swift (in target 'YNXMusic' from project 'YNXMusic')

SwiftDriverJobDiscovery normal arm64 Compiling YNXMusicApp.swift (in target 'YNXMusic' from project 'YNXMusic')

SwiftDriver\ Compilation YNXMusic normal arm64 com.apple.xcode.tools.swift.compiler (in target 'YNXMusic' from project 'YNXMusic')
    cd /Users/huangjiahao/Desktop/YNX\ Audit\ Worktrees/20260906-video/apps/music/ios
    builtin-Swift-Compilation -- /Applications/Xcode.app/Contents/Developer/Toolchains/XcodeDefault.xctoolchain/usr/bin/swiftc -module-name YNXMusic -O @/var/folders/nd/ks11whcs64b4nsy5xpjvj7540000gn/T/ynx-music-apple-native-pQfTnk/YNXMusic/Build/Intermediates.noindex/YNXMusic.build/Debug-iphonesimulator/YNXMusic.build/Objects-normal/arm64/YNXMusic.SwiftFileList -enable-bare-slash-regex -enable-experimental-feature DebugDescriptionMacro -sdk /Applications/Xcode.app/Contents/Developer/Platforms/iPhoneSimulator.platform/Developer/SDKs/iPhoneSimulator27.0.sdk -target arm64-apple-ios17.0-simulator -g -module-cache-path /var/folders/nd/ks11whcs64b4nsy5xpjvj7540000gn/T/ynx-music-apple-native-pQfTnk/YNXMusic/ModuleCache.noindex -Xfrontend -serialize-debugging-options -swift-version 5 -I /var/folders/nd/ks11whcs64b4nsy5xpjvj7540000gn/T/ynx-music-apple-native-pQfTnk/YNXMusic/Build/Products/Debug-iphonesimulator -F /var/folders/nd/ks11whcs64b4nsy5xpjvj7540000gn/T/ynx-music-apple-native-pQfTnk/YNXMusic/Build/Products/Debug-iphonesimulator -emit-localized-strings -emit-localized-strings-path /var/folders/nd/ks11whcs64b4nsy5xpjvj7540000gn/T/ynx-music-apple-native-pQfTnk/YNXMusic/Build/Intermediates.noindex/YNXMusic.build/Debug-iphonesimulator/YNXMusic.build/Objects-normal/arm64 -c -j10 -enable-batch-mode -incremental -Xcc -ivfsstatcache -Xcc /var/folders/nd/ks11whcs64b4nsy5xpjvj7540000gn/T/ynx-music-apple-native-pQfTnk/YNXMusic/SDKStatCaches.noindex/iphonesimulator27.0-24A430-8dc58220667be655e1bcc261a7455254.sdkstatcache -output-file-map /var/folders/nd/ks11whcs64b4nsy5xpjvj7540000gn/T/ynx-music-apple-native-pQfTnk/YNXMusic/Build/Intermediates.noindex/YNXMusic.build/Debug-iphonesimulator/YNXMusic.build/Objects-normal/arm64/YNXMusic-OutputFileMap.json -save-temps -no-color-diagnostics -explicit-module-build -module-cache-path /var/folders/nd/ks11whcs64b4nsy5xpjvj7540000gn/T/ynx-music-apple-native-pQfTnk/YNXMusic/Build/Intermediates.noindex/SwiftExplicitPrecompiledModules -clang-scanner-module-cache-path /var/folders/nd/ks11whcs64b4nsy5xpjvj7540000gn/T/ynx-music-apple-native-pQfTnk/YNXMusic/ModuleCache.noindex -sdk-module-cache-path /var/folders/nd/ks11whcs64b4nsy5xpjvj7540000gn/T/ynx-music-apple-native-pQfTnk/YNXMusic/SDKExplicitPrecompiledModules -emit-dependencies -emit-module -emit-module-path /var/folders/nd/ks11whcs64b4nsy5xpjvj7540000gn/T/ynx-music-apple-native-pQfTnk/YNXMusic/Build/Intermediates.noindex/YNXMusic.build/Debug-iphonesimulator/YNXMusic.build/Objects-normal/arm64/YNXMusic.swiftmodule -serialize-diagnostics -dependency-scan-serialize-diagnostics-path /var/folders/nd/ks11whcs64b4nsy5xpjvj7540000gn/T/ynx-music-apple-native-pQfTnk/YNXMusic/Build/Intermediates.noindex/YNXMusic.build/Debug-iphonesimulator/YNXMusic.build/Objects-normal/arm64/YNXMusic-dependency-scan.dia -validate-clang-modules-once -clang-build-session-file /var/folders/nd/ks11whcs64b4nsy5xpjvj7540000gn/T/ynx-music-apple-native-pQfTnk/YNXMusic/ModuleCache.noindex/Session.modulevalidation -Xcc -fmodules-prune-interval\=86400 -Xcc -fmodules-prune-after\=345600 -emit-const-values -const-gather-protocols-list /var/folders/nd/ks11whcs64b4nsy5xpjvj7540000gn/T/ynx-music-apple-native-pQfTnk/YNXMusic/Build/Intermediates.noindex/YNXMusic.build/Debug-iphonesimulator/YNXMusic.build/Objects-normal/arm64/YNXMusic_const_extract_protocols.json -Xcc -iquote -Xcc /var/folders/nd/ks11whcs64b4nsy5xpjvj7540000gn/T/ynx-music-apple-native-pQfTnk/YNXMusic/Build/Intermediates.noindex/YNXMusic.build/Debug-iphonesimulator/YNXMusic.build/YNXMusic-generated-files.hmap -Xcc -I/var/folders/nd/ks11whcs64b4nsy5xpjvj7540000gn/T/ynx-music-apple-native-pQfTnk/YNXMusic/Build/Intermediates.noindex/YNXMusic.build/Debug-iphonesimulator/YNXMusic.build/YNXMusic-own-target-headers.hmap -Xcc -I/var/folders/nd/ks11whcs64b4nsy5xpjvj7540000gn/T/ynx-music-apple-native-pQfTnk/YNXMusic/Build/Intermediates.noindex/YNXMusic.build/Debug-iphonesimulator/YNXMusic.build/YNXMusic-all-target-headers.hmap -Xcc -iquote -Xcc /var/folders/nd/ks11whcs64b4nsy5xpjvj7540000gn/T/ynx-music-apple-native-pQfTnk/YNXMusic/Build/Intermediates.noindex/YNXMusic.build/Debug-iphonesimulator/YNXMusic.build/YNXMusic-project-headers.hmap -Xcc -I/var/folders/nd/ks11whcs64b4nsy5xpjvj7540000gn/T/ynx-music-apple-native-pQfTnk/YNXMusic/Build/Products/Debug-iphonesimulator/include -Xcc -I/var/folders/nd/ks11whcs64b4nsy5xpjvj7540000gn/T/ynx-music-apple-native-pQfTnk/YNXMusic/Build/Intermediates.noindex/YNXMusic.build/Debug-iphonesimulator/YNXMusic.build/DerivedSources-normal/arm64 -Xcc -I/var/folders/nd/ks11whcs64b4nsy5xpjvj7540000gn/T/ynx-music-apple-native-pQfTnk/YNXMusic/Build/Intermediates.noindex/YNXMusic.build/Debug-iphonesimulator/YNXMusic.build/DerivedSources/arm64 -Xcc -I/var/folders/nd/ks11whcs64b4nsy5xpjvj7540000gn/T/ynx-music-apple-native-pQfTnk/YNXMusic/Build/Intermediates.noindex/YNXMusic.build/Debug-iphonesimulator/YNXMusic.build/DerivedSources -emit-objc-header -emit-objc-header-path /var/folders/nd/ks11whcs64b4nsy5xpjvj7540000gn/T/ynx-music-apple-native-pQfTnk/YNXMusic/Build/Intermediates.noindex/YNXMusic.build/Debug-iphonesimulator/YNXMusic.build/Objects-normal/arm64/YNXMusic-Swift.h -working-directory /Users/huangjiahao/Desktop/YNX\ Audit\ Worktrees/20260906-video/apps/music/ios -experimental-emit-module-separately -disable-cmo

SwiftDriverJobDiscovery normal x86_64 Compiling YNXMusicApp.swift (in target 'YNXMusic' from project 'YNXMusic')

SwiftDriver\ Compilation YNXMusic normal x86_64 com.apple.xcode.tools.swift.compiler (in target 'YNXMusic' from project 'YNXMusic')
    cd /Users/huangjiahao/Desktop/YNX\ Audit\ Worktrees/20260906-video/apps/music/ios
    builtin-Swift-Compilation -- /Applications/Xcode.app/Contents/Developer/Toolchains/XcodeDefault.xctoolchain/usr/bin/swiftc -module-name YNXMusic -O @/var/folders/nd/ks11whcs64b4nsy5xpjvj7540000gn/T/ynx-music-apple-native-pQfTnk/YNXMusic/Build/Intermediates.noindex/YNXMusic.build/Debug-iphonesimulator/YNXMusic.build/Objects-normal/x86_64/YNXMusic.SwiftFileList -enable-bare-slash-regex -enable-experimental-feature DebugDescriptionMacro -sdk /Applications/Xcode.app/Contents/Developer/Platforms/iPhoneSimulator.platform/Developer/SDKs/iPhoneSimulator27.0.sdk -target x86_64-apple-ios17.0-simulator -g -module-cache-path /var/folders/nd/ks11whcs64b4nsy5xpjvj7540000gn/T/ynx-music-apple-native-pQfTnk/YNXMusic/ModuleCache.noindex -Xfrontend -serialize-debugging-options -swift-version 5 -I /var/folders/nd/ks11whcs64b4nsy5xpjvj7540000gn/T/ynx-music-apple-native-pQfTnk/YNXMusic/Build/Products/Debug-iphonesimulator -F /var/folders/nd/ks11whcs64b4nsy5xpjvj7540000gn/T/ynx-music-apple-native-pQfTnk/YNXMusic/Build/Products/Debug-iphonesimulator -emit-localized-strings -emit-localized-strings-path /var/folders/nd/ks11whcs64b4nsy5xpjvj7540000gn/T/ynx-music-apple-native-pQfTnk/YNXMusic/Build/Intermediates.noindex/YNXMusic.build/Debug-iphonesimulator/YNXMusic.build/Objects-normal/x86_64 -c -j10 -enable-batch-mode -incremental -Xcc -ivfsstatcache -Xcc /var/folders/nd/ks11whcs64b4nsy5xpjvj7540000gn/T/ynx-music-apple-native-pQfTnk/YNXMusic/SDKStatCaches.noindex/iphonesimulator27.0-24A430-8dc58220667be655e1bcc261a7455254.sdkstatcache -output-file-map /var/folders/nd/ks11whcs64b4nsy5xpjvj7540000gn/T/ynx-music-apple-native-pQfTnk/YNXMusic/Build/Intermediates.noindex/YNXMusic.build/Debug-iphonesimulator/YNXMusic.build/Objects-normal/x86_64/YNXMusic-OutputFileMap.json -save-temps -no-color-diagnostics -explicit-module-build -module-cache-path /var/folders/nd/ks11whcs64b4nsy5xpjvj7540000gn/T/ynx-music-apple-native-pQfTnk/YNXMusic/Build/Intermediates.noindex/SwiftExplicitPrecompiledModules -clang-scanner-module-cache-path /var/folders/nd/ks11whcs64b4nsy5xpjvj7540000gn/T/ynx-music-apple-native-pQfTnk/YNXMusic/ModuleCache.noindex -sdk-module-cache-path /var/folders/nd/ks11whcs64b4nsy5xpjvj7540000gn/T/ynx-music-apple-native-pQfTnk/YNXMusic/SDKExplicitPrecompiledModules -emit-dependencies -emit-module -emit-module-path /var/folders/nd/ks11whcs64b4nsy5xpjvj7540000gn/T/ynx-music-apple-native-pQfTnk/YNXMusic/Build/Intermediates.noindex/YNXMusic.build/Debug-iphonesimulator/YNXMusic.build/Objects-normal/x86_64/YNXMusic.swiftmodule -serialize-diagnostics -dependency-scan-serialize-diagnostics-path /var/folders/nd/ks11whcs64b4nsy5xpjvj7540000gn/T/ynx-music-apple-native-pQfTnk/YNXMusic/Build/Intermediates.noindex/YNXMusic.build/Debug-iphonesimulator/YNXMusic.build/Objects-normal/x86_64/YNXMusic-dependency-scan.dia -validate-clang-modules-once -clang-build-session-file /var/folders/nd/ks11whcs64b4nsy5xpjvj7540000gn/T/ynx-music-apple-native-pQfTnk/YNXMusic/ModuleCache.noindex/Session.modulevalidation -Xcc -fmodules-prune-interval\=86400 -Xcc -fmodules-prune-after\=345600 -emit-const-values -const-gather-protocols-list /var/folders/nd/ks11whcs64b4nsy5xpjvj7540000gn/T/ynx-music-apple-native-pQfTnk/YNXMusic/Build/Intermediates.noindex/YNXMusic.build/Debug-iphonesimulator/YNXMusic.build/Objects-normal/x86_64/YNXMusic_const_extract_protocols.json -Xcc -iquote -Xcc /var/folders/nd/ks11whcs64b4nsy5xpjvj7540000gn/T/ynx-music-apple-native-pQfTnk/YNXMusic/Build/Intermediates.noindex/YNXMusic.build/Debug-iphonesimulator/YNXMusic.build/YNXMusic-generated-files.hmap -Xcc -I/var/folders/nd/ks11whcs64b4nsy5xpjvj7540000gn/T/ynx-music-apple-native-pQfTnk/YNXMusic/Build/Intermediates.noindex/YNXMusic.build/Debug-iphonesimulator/YNXMusic.build/YNXMusic-own-target-headers.hmap -Xcc -I/var/folders/nd/ks11whcs64b4nsy5xpjvj7540000gn/T/ynx-music-apple-native-pQfTnk/YNXMusic/Build/Intermediates.noindex/YNXMusic.build/Debug-iphonesimulator/YNXMusic.build/YNXMusic-all-target-headers.hmap -Xcc -iquote -Xcc /var/folders/nd/ks11whcs64b4nsy5xpjvj7540000gn/T/ynx-music-apple-native-pQfTnk/YNXMusic/Build/Intermediates.noindex/YNXMusic.build/Debug-iphonesimulator/YNXMusic.build/YNXMusic-project-headers.hmap -Xcc -I/var/folders/nd/ks11whcs64b4nsy5xpjvj7540000gn/T/ynx-music-apple-native-pQfTnk/YNXMusic/Build/Products/Debug-iphonesimulator/include -Xcc -I/var/folders/nd/ks11whcs64b4nsy5xpjvj7540000gn/T/ynx-music-apple-native-pQfTnk/YNXMusic/Build/Intermediates.noindex/YNXMusic.build/Debug-iphonesimulator/YNXMusic.build/DerivedSources-normal/x86_64 -Xcc -I/var/folders/nd/ks11whcs64b4nsy5xpjvj7540000gn/T/ynx-music-apple-native-pQfTnk/YNXMusic/Build/Intermediates.noindex/YNXMusic.build/Debug-iphonesimulator/YNXMusic.build/DerivedSources/x86_64 -Xcc -I/var/folders/nd/ks11whcs64b4nsy5xpjvj7540000gn/T/ynx-music-apple-native-pQfTnk/YNXMusic/Build/Intermediates.noindex/YNXMusic.build/Debug-iphonesimulator/YNXMusic.build/DerivedSources -emit-objc-header -emit-objc-header-path /var/folders/nd/ks11whcs64b4nsy5xpjvj7540000gn/T/ynx-music-apple-native-pQfTnk/YNXMusic/Build/Intermediates.noindex/YNXMusic.build/Debug-iphonesimulator/YNXMusic.build/Objects-normal/x86_64/YNXMusic-Swift.h -working-directory /Users/huangjiahao/Desktop/YNX\ Audit\ Worktrees/20260906-video/apps/music/ios -experimental-emit-module-separately -disable-cmo

Ld /var/folders/nd/ks11whcs64b4nsy5xpjvj7540000gn/T/ynx-music-apple-native-pQfTnk/YNXMusic/Build/Intermediates.noindex/YNXMusic.build/Debug-iphonesimulator/YNXMusic.build/Objects-normal/arm64/Binary/YNXMusic normal arm64 (in target 'YNXMusic' from project 'YNXMusic')
    cd /Users/huangjiahao/Desktop/YNX\ Audit\ Worktrees/20260906-video/apps/music/ios
    /Applications/Xcode.app/Contents/Developer/Toolchains/XcodeDefault.xctoolchain/usr/bin/clang -Xlinker -reproducible -target arm64-apple-ios17.0-simulator -isysroot /Applications/Xcode.app/Contents/Developer/Platforms/iPhoneSimulator.platform/Developer/SDKs/iPhoneSimulator27.0.sdk -Os -Xlinker -no_warn_duplicate_libraries -L/var/folders/nd/ks11whcs64b4nsy5xpjvj7540000gn/T/ynx-music-apple-native-pQfTnk/YNXMusic/Build/Intermediates.noindex/EagerLinkingTBDs/Debug-iphonesimulator -L/var/folders/nd/ks11whcs64b4nsy5xpjvj7540000gn/T/ynx-music-apple-native-pQfTnk/YNXMusic/Build/Products/Debug-iphonesimulator -F/var/folders/nd/ks11whcs64b4nsy5xpjvj7540000gn/T/ynx-music-apple-native-pQfTnk/YNXMusic/Build/Intermediates.noindex/EagerLinkingTBDs/Debug-iphonesimulator -F/var/folders/nd/ks11whcs64b4nsy5xpjvj7540000gn/T/ynx-music-apple-native-pQfTnk/YNXMusic/Build/Products/Debug-iphonesimulator -filelist /var/folders/nd/ks11whcs64b4nsy5xpjvj7540000gn/T/ynx-music-apple-native-pQfTnk/YNXMusic/Build/Intermediates.noindex/YNXMusic.build/Debug-iphonesimulator/YNXMusic.build/Objects-normal/arm64/YNXMusic.LinkFileList -Xlinker -rpath -Xlinker /usr/lib/swift -Xlinker -dead_strip -Xlinker -object_path_lto -Xlinker /var/folders/nd/ks11whcs64b4nsy5xpjvj7540000gn/T/ynx-music-apple-native-pQfTnk/YNXMusic/Build/Intermediates.noindex/YNXMusic.build/Debug-iphonesimulator/YNXMusic.build/Objects-normal/arm64/YNXMusic_lto.o -Xlinker -objc_abi_version -Xlinker 2 -Xlinker -dependency_info -Xlinker /var/folders/nd/ks11whcs64b4nsy5xpjvj7540000gn/T/ynx-music-apple-native-pQfTnk/YNXMusic/Build/Intermediates.noindex/YNXMusic.build/Debug-iphonesimulator/YNXMusic.build/Objects-normal/arm64/YNXMusic_dependency_info.dat -fobjc-link-runtime -L/Applications/Xcode.app/Contents/Developer/Toolchains/XcodeDefault.xctoolchain/usr/lib/swift/iphonesimulator -L/usr/lib/swift -Xlinker -add_ast_path -Xlinker /var/folders/nd/ks11whcs64b4nsy5xpjvj7540000gn/T/ynx-music-apple-native-pQfTnk/YNXMusic/Build/Intermediates.noindex/YNXMusic.build/Debug-iphonesimulator/YNXMusic.build/Objects-normal/arm64/YNXMusic.swiftmodule -o /var/folders/nd/ks11whcs64b4nsy5xpjvj7540000gn/T/ynx-music-apple-native-pQfTnk/YNXMusic/Build/Intermediates.noindex/YNXMusic.build/Debug-iphonesimulator/YNXMusic.build/Objects-normal/arm64/Binary/YNXMusic

Ld /var/folders/nd/ks11whcs64b4nsy5xpjvj7540000gn/T/ynx-music-apple-native-pQfTnk/YNXMusic/Build/Intermediates.noindex/YNXMusic.build/Debug-iphonesimulator/YNXMusic.build/Objects-normal/x86_64/Binary/YNXMusic normal x86_64 (in target 'YNXMusic' from project 'YNXMusic')
    cd /Users/huangjiahao/Desktop/YNX\ Audit\ Worktrees/20260906-video/apps/music/ios
    /Applications/Xcode.app/Contents/Developer/Toolchains/XcodeDefault.xctoolchain/usr/bin/clang -Xlinker -reproducible -target x86_64-apple-ios17.0-simulator -isysroot /Applications/Xcode.app/Contents/Developer/Platforms/iPhoneSimulator.platform/Developer/SDKs/iPhoneSimulator27.0.sdk -Os -Xlinker -no_warn_duplicate_libraries -L/var/folders/nd/ks11whcs64b4nsy5xpjvj7540000gn/T/ynx-music-apple-native-pQfTnk/YNXMusic/Build/Intermediates.noindex/EagerLinkingTBDs/Debug-iphonesimulator -L/var/folders/nd/ks11whcs64b4nsy5xpjvj7540000gn/T/ynx-music-apple-native-pQfTnk/YNXMusic/Build/Products/Debug-iphonesimulator -F/var/folders/nd/ks11whcs64b4nsy5xpjvj7540000gn/T/ynx-music-apple-native-pQfTnk/YNXMusic/Build/Intermediates.noindex/EagerLinkingTBDs/Debug-iphonesimulator -F/var/folders/nd/ks11whcs64b4nsy5xpjvj7540000gn/T/ynx-music-apple-native-pQfTnk/YNXMusic/Build/Products/Debug-iphonesimulator -filelist /var/folders/nd/ks11whcs64b4nsy5xpjvj7540000gn/T/ynx-music-apple-native-pQfTnk/YNXMusic/Build/Intermediates.noindex/YNXMusic.build/Debug-iphonesimulator/YNXMusic.build/Objects-normal/x86_64/YNXMusic.LinkFileList -Xlinker -rpath -Xlinker /usr/lib/swift -Xlinker -dead_strip -Xlinker -object_path_lto -Xlinker /var/folders/nd/ks11whcs64b4nsy5xpjvj7540000gn/T/ynx-music-apple-native-pQfTnk/YNXMusic/Build/Intermediates.noindex/YNXMusic.build/Debug-iphonesimulator/YNXMusic.build/Objects-normal/x86_64/YNXMusic_lto.o -Xlinker -objc_abi_version -Xlinker 2 -Xlinker -dependency_info -Xlinker /var/folders/nd/ks11whcs64b4nsy5xpjvj7540000gn/T/ynx-music-apple-native-pQfTnk/YNXMusic/Build/Intermediates.noindex/YNXMusic.build/Debug-iphonesimulator/YNXMusic.build/Objects-normal/x86_64/YNXMusic_dependency_info.dat -fobjc-link-runtime -L/Applications/Xcode.app/Contents/Developer/Toolchains/XcodeDefault.xctoolchain/usr/lib/swift/iphonesimulator -L/usr/lib/swift -Xlinker -add_ast_path -Xlinker /var/folders/nd/ks11whcs64b4nsy5xpjvj7540000gn/T/ynx-music-apple-native-pQfTnk/YNXMusic/Build/Intermediates.noindex/YNXMusic.build/Debug-iphonesimulator/YNXMusic.build/Objects-normal/x86_64/YNXMusic.swiftmodule -o /var/folders/nd/ks11whcs64b4nsy5xpjvj7540000gn/T/ynx-music-apple-native-pQfTnk/YNXMusic/Build/Intermediates.noindex/YNXMusic.build/Debug-iphonesimulator/YNXMusic.build/Objects-normal/x86_64/Binary/YNXMusic

CreateUniversalBinary /var/folders/nd/ks11whcs64b4nsy5xpjvj7540000gn/T/ynx-music-apple-native-pQfTnk/YNXMusic/Build/Products/Debug-iphonesimulator/YNXMusic.app/YNXMusic normal arm64\ x86_64 (in target 'YNXMusic' from project 'YNXMusic')
    cd /Users/huangjiahao/Desktop/YNX\ Audit\ Worktrees/20260906-video/apps/music/ios
    /Applications/Xcode.app/Contents/Developer/Toolchains/XcodeDefault.xctoolchain/usr/bin/lipo -create /var/folders/nd/ks11whcs64b4nsy5xpjvj7540000gn/T/ynx-music-apple-native-pQfTnk/YNXMusic/Build/Intermediates.noindex/YNXMusic.build/Debug-iphonesimulator/YNXMusic.build/Objects-normal/arm64/Binary/YNXMusic /var/folders/nd/ks11whcs64b4nsy5xpjvj7540000gn/T/ynx-music-apple-native-pQfTnk/YNXMusic/Build/Intermediates.noindex/YNXMusic.build/Debug-iphonesimulator/YNXMusic.build/Objects-normal/x86_64/Binary/YNXMusic -output /var/folders/nd/ks11whcs64b4nsy5xpjvj7540000gn/T/ynx-music-apple-native-pQfTnk/YNXMusic/Build/Products/Debug-iphonesimulator/YNXMusic.app/YNXMusic

CopySwiftLibs /var/folders/nd/ks11whcs64b4nsy5xpjvj7540000gn/T/ynx-music-apple-native-pQfTnk/YNXMusic/Build/Products/Debug-iphonesimulator/YNXMusic.app (in target 'YNXMusic' from project 'YNXMusic')
    cd /Users/huangjiahao/Desktop/YNX\ Audit\ Worktrees/20260906-video/apps/music/ios
    builtin-swiftStdLibTool --copy --verbose --scan-executable /var/folders/nd/ks11whcs64b4nsy5xpjvj7540000gn/T/ynx-music-apple-native-pQfTnk/YNXMusic/Build/Products/Debug-iphonesimulator/YNXMusic.app/YNXMusic --scan-folder /var/folders/nd/ks11whcs64b4nsy5xpjvj7540000gn/T/ynx-music-apple-native-pQfTnk/YNXMusic/Build/Products/Debug-iphonesimulator/YNXMusic.app/Frameworks --scan-folder /var/folders/nd/ks11whcs64b4nsy5xpjvj7540000gn/T/ynx-music-apple-native-pQfTnk/YNXMusic/Build/Products/Debug-iphonesimulator/YNXMusic.app/PlugIns --scan-folder /var/folders/nd/ks11whcs64b4nsy5xpjvj7540000gn/T/ynx-music-apple-native-pQfTnk/YNXMusic/Build/Products/Debug-iphonesimulator/YNXMusic.app/SystemExtensions --scan-folder /var/folders/nd/ks11whcs64b4nsy5xpjvj7540000gn/T/ynx-music-apple-native-pQfTnk/YNXMusic/Build/Products/Debug-iphonesimulator/YNXMusic.app/Extensions --platform iphonesimulator --toolchain /Applications/Xcode.app/Contents/Developer/Toolchains/XcodeDefault.xctoolchain --destination /var/folders/nd/ks11whcs64b4nsy5xpjvj7540000gn/T/ynx-music-apple-native-pQfTnk/YNXMusic/Build/Products/Debug-iphonesimulator/YNXMusic.app/Frameworks --strip-bitcode --strip-bitcode-tool /Applications/Xcode.app/Contents/Developer/Toolchains/XcodeDefault.xctoolchain/usr/bin/bitcode_strip --emit-dependency-info /var/folders/nd/ks11whcs64b4nsy5xpjvj7540000gn/T/ynx-music-apple-native-pQfTnk/YNXMusic/Build/Intermediates.noindex/YNXMusic.build/Debug-iphonesimulator/YNXMusic.build/SwiftStdLibToolInputDependencies.dep --filter-for-swift-os --back-deploy-swift-span
Ignoring --strip-bitcode because --sign was not passed

ExtractAppIntentsMetadata (in target 'YNXMusic' from project 'YNXMusic')
    cd /Users/huangjiahao/Desktop/YNX\ Audit\ Worktrees/20260906-video/apps/music/ios
    /Applications/Xcode.app/Contents/Developer/Toolchains/XcodeDefault.xctoolchain/usr/bin/appintentsmetadataprocessor --toolchain-dir /Applications/Xcode.app/Contents/Developer/Toolchains/XcodeDefault.xctoolchain --module-name YNXMusic --sdk-root /Applications/Xcode.app/Contents/Developer/Platforms/iPhoneSimulator.platform/Developer/SDKs/iPhoneSimulator27.0.sdk --xcode-version 27A266a --platform-family iOS --deployment-target 17.0 --bundle-identifier com.ynxweb4.music --output /var/folders/nd/ks11whcs64b4nsy5xpjvj7540000gn/T/ynx-music-apple-native-pQfTnk/YNXMusic/Build/Products/Debug-iphonesimulator/YNXMusic.app --target-triple arm64-apple-ios17.0-simulator --target-triple x86_64-apple-ios17.0-simulator --binary-file /var/folders/nd/ks11whcs64b4nsy5xpjvj7540000gn/T/ynx-music-apple-native-pQfTnk/YNXMusic/Build/Products/Debug-iphonesimulator/YNXMusic.app/YNXMusic --dependency-file /var/folders/nd/ks11whcs64b4nsy5xpjvj7540000gn/T/ynx-music-apple-native-pQfTnk/YNXMusic/Build/Intermediates.noindex/YNXMusic.build/Debug-iphonesimulator/YNXMusic.build/Objects-normal/arm64/YNXMusic_dependency_info.dat --dependency-file /var/folders/nd/ks11whcs64b4nsy5xpjvj7540000gn/T/ynx-music-apple-native-pQfTnk/YNXMusic/Build/Intermediates.noindex/YNXMusic.build/Debug-iphonesimulator/YNXMusic.build/Objects-normal/x86_64/YNXMusic_dependency_info.dat --stringsdata-file /var/folders/nd/ks11whcs64b4nsy5xpjvj7540000gn/T/ynx-music-apple-native-pQfTnk/YNXMusic/Build/Intermediates.noindex/YNXMusic.build/Debug-iphonesimulator/YNXMusic.build/Objects-normal/arm64/ExtractedAppShortcutsMetadata.stringsdata --stringsdata-file /var/folders/nd/ks11whcs64b4nsy5xpjvj7540000gn/T/ynx-music-apple-native-pQfTnk/YNXMusic/Build/Intermediates.noindex/YNXMusic.build/Debug-iphonesimulator/YNXMusic.build/Objects-normal/x86_64/ExtractedAppShortcutsMetadata.stringsdata --source-file-list /var/folders/nd/ks11whcs64b4nsy5xpjvj7540000gn/T/ynx-music-apple-native-pQfTnk/YNXMusic/Build/Intermediates.noindex/YNXMusic.build/Debug-iphonesimulator/YNXMusic.build/Objects-normal/arm64/YNXMusic.SwiftFileList --source-file-list /var/folders/nd/ks11whcs64b4nsy5xpjvj7540000gn/T/ynx-music-apple-native-pQfTnk/YNXMusic/Build/Intermediates.noindex/YNXMusic.build/Debug-iphonesimulator/YNXMusic.build/Objects-normal/x86_64/YNXMusic.SwiftFileList --metadata-file-list /var/folders/nd/ks11whcs64b4nsy5xpjvj7540000gn/T/ynx-music-apple-native-pQfTnk/YNXMusic/Build/Intermediates.noindex/YNXMusic.build/Debug-iphonesimulator/YNXMusic.build/YNXMusic.DependencyMetadataFileList --static-metadata-file-list /var/folders/nd/ks11whcs64b4nsy5xpjvj7540000gn/T/ynx-music-apple-native-pQfTnk/YNXMusic/Build/Intermediates.noindex/YNXMusic.build/Debug-iphonesimulator/YNXMusic.build/YNXMusic.DependencyStaticMetadataFileList --swift-const-vals-list /var/folders/nd/ks11whcs64b4nsy5xpjvj7540000gn/T/ynx-music-apple-native-pQfTnk/YNXMusic/Build/Intermediates.noindex/YNXMusic.build/Debug-iphonesimulator/YNXMusic.build/Objects-normal/arm64/YNXMusic.SwiftConstValuesFileList --swift-const-vals-list /var/folders/nd/ks11whcs64b4nsy5xpjvj7540000gn/T/ynx-music-apple-native-pQfTnk/YNXMusic/Build/Intermediates.noindex/YNXMusic.build/Debug-iphonesimulator/YNXMusic.build/Objects-normal/x86_64/YNXMusic.SwiftConstValuesFileList --compile-time-extraction --deployment-aware-processing --no-app-shortcuts-localization
2026-10-04 01:26:30.792 appintentsmetadataprocessor[38590:4835212] Starting appintentsmetadataprocessor export
2026-10-04 01:26:30.794 appintentsmetadataprocessor[38590:4835212] warning: Metadata extraction skipped, no AppIntents.framework dependency found

GenerateDSYMFile /var/folders/nd/ks11whcs64b4nsy5xpjvj7540000gn/T/ynx-music-apple-native-pQfTnk/YNXMusic/Build/Products/Debug-iphonesimulator/YNXMusic.app.dSYM /var/folders/nd/ks11whcs64b4nsy5xpjvj7540000gn/T/ynx-music-apple-native-pQfTnk/YNXMusic/Build/Products/Debug-iphonesimulator/YNXMusic.app/YNXMusic (in target 'YNXMusic' from project 'YNXMusic')
    cd /Users/huangjiahao/Desktop/YNX\ Audit\ Worktrees/20260906-video/apps/music/ios
    export PATH\=/Applications/Xcode.app/Contents/SharedFrameworks/SwiftBuild.framework/Versions/A/PlugIns/SWBBuildService.bundle/Contents/PlugIns/SWBUniversalPlatformPlugin.bundle/Contents/Frameworks/SWBUniversalPlatform.framework/Resources:/Applications/Xcode.app/Contents/Developer/Toolchains/XcodeDefault.xctoolchain/usr/bin:/Applications/Xcode.app/Contents/Developer/Toolchains/XcodeDefault.xctoolchain/usr/local/bin:/Applications/Xcode.app/Contents/Developer/Toolchains/XcodeDefault.xctoolchain/usr/libexec:/Applications/Xcode.app/Contents/Developer/Platforms/iPhoneSimulator.platform/usr/bin:/Applications/Xcode.app/Contents/Developer/Platforms/iPhoneSimulator.platform/usr/local/bin:/Applications/Xcode.app/Contents/Developer/Platforms/iPhoneSimulator.platform/Developer/usr/bin:/Applications/Xcode.app/Contents/Developer/Platforms/iPhoneSimulator.platform/Developer/usr/local/bin:/Applications/Xcode.app/Contents/Developer/usr/bin:/Applications/Xcode.app/Contents/Developer/usr/local/bin:/Library/Frameworks/Python.framework/Versions/3.12/bin:/opt/homebrew/bin:/opt/homebrew/sbin:/Library/Frameworks/Python.framework/Versions/3.13/bin:/usr/local/bin:/System/Cryptexes/App/usr/bin:/usr/bin:/bin:/usr/sbin:/sbin:/var/run/com.apple.security.cryptexd/codex.system/bootstrap/usr/local/bin:/var/run/com.apple.security.cryptexd/codex.system/bootstrap/usr/bin:/var/run/com.apple.security.cryptexd/codex.system/bootstrap/usr/appleinternal/bin:/pkg/env/global/bin:/Library/Apple/usr/bin:/Applications/VMware\ Fusion.app/Contents/Public:/Applications/ChatGPT.app/Contents/Resources/codex-cli/codex-path:/Users/huangjiahao/.codex/tmp/arg0/codex-arg0qOFuoN:/Users/huangjiahao/.cache/codex-runtimes/codex-primary-runtime/dependencies/bin/override:/Users/huangjiahao/.local/bin:/var/folders/nd/ks11whcs64b4nsy5xpjvj7540000gn/T/tmp.Y0lvlfLNGh/bin:/var/folders/nd/ks11whcs64b4nsy5xpjvj7540000gn/T/tmp.3asHvwPZcx/bin:/tmp/ynx-cli-bin-27120:/tmp/ynx-cli-bin-7036:/Users/huangjiahao/google-cloud-sdk/bin:/opt/homebrew/opt/openjdk@17/bin:/opt/homebrew/opt/openjdk@21/bin:/Applications/Webots.app/Contents/MacOS:/Applications/Blender.app/Contents/MacOS:/opt/homebrew/anaconda3/condabin:/Users/huangjiahao/.cache/codex-runtimes/codex-primary-runtime/dependencies/bin/fallback:/Applications/ChatGPT.app/Contents/Resources:/Applications/ChatGPT.app/Contents/Resources/codex-cli/CodexCLI.app/Contents/MacOS
    /Applications/Xcode.app/Contents/Developer/Toolchains/XcodeDefault.xctoolchain/usr/bin/dsymutil /var/folders/nd/ks11whcs64b4nsy5xpjvj7540000gn/T/ynx-music-apple-native-pQfTnk/YNXMusic/Build/Products/Debug-iphonesimulator/YNXMusic.app/YNXMusic -o /var/folders/nd/ks11whcs64b4nsy5xpjvj7540000gn/T/ynx-music-apple-native-pQfTnk/YNXMusic/Build/Products/Debug-iphonesimulator/YNXMusic.app.dSYM

AppIntentsSSUTraining (in target 'YNXMusic' from project 'YNXMusic')
    cd /Users/huangjiahao/Desktop/YNX\ Audit\ Worktrees/20260906-video/apps/music/ios
    /Applications/Xcode.app/Contents/Developer/Toolchains/XcodeDefault.xctoolchain/usr/bin/appintentsnltrainingprocessor --infoplist-path /var/folders/nd/ks11whcs64b4nsy5xpjvj7540000gn/T/ynx-music-apple-native-pQfTnk/YNXMusic/Build/Products/Debug-iphonesimulator/YNXMusic.app/Info.plist --temp-dir-path /var/folders/nd/ks11whcs64b4nsy5xpjvj7540000gn/T/ynx-music-apple-native-pQfTnk/YNXMusic/Build/Intermediates.noindex/YNXMusic.build/Debug-iphonesimulator/YNXMusic.build/ssu --bundle-id com.ynxweb4.music --product-path /var/folders/nd/ks11whcs64b4nsy5xpjvj7540000gn/T/ynx-music-apple-native-pQfTnk/YNXMusic/Build/Products/Debug-iphonesimulator/YNXMusic.app --extracted-metadata-path /var/folders/nd/ks11whcs64b4nsy5xpjvj7540000gn/T/ynx-music-apple-native-pQfTnk/YNXMusic/Build/Products/Debug-iphonesimulator/YNXMusic.app/Metadata.appintents --metadata-file-list /var/folders/nd/ks11whcs64b4nsy5xpjvj7540000gn/T/ynx-music-apple-native-pQfTnk/YNXMusic/Build/Intermediates.noindex/YNXMusic.build/Debug-iphonesimulator/YNXMusic.build/YNXMusic.DependencyMetadataFileList --source-file /var/folders/nd/ks11whcs64b4nsy5xpjvj7540000gn/T/ynx-music-apple-native-pQfTnk/YNXMusic/Build/Products/Debug-iphonesimulator/YNXMusic.app/Info.plist --archive-ssu-assets
2026-10-04 01:26:30.815 appintentsnltrainingprocessor[38592:4835219] Parsing options for appintentsnltrainingprocessor
2026-10-04 01:26:30.815 appintentsnltrainingprocessor[38592:4835219] Starting AppIntents SSU YAML Generation
2026-10-04 01:26:30.815 appintentsnltrainingprocessor[38592:4835219] No AppShortcuts found - Skipping.

RegisterExecutionPolicyException /var/folders/nd/ks11whcs64b4nsy5xpjvj7540000gn/T/ynx-music-apple-native-pQfTnk/YNXMusic/Build/Products/Debug-iphonesimulator/YNXMusic.app (in target 'YNXMusic' from project 'YNXMusic')
    cd /Users/huangjiahao/Desktop/YNX\ Audit\ Worktrees/20260906-video/apps/music/ios
    builtin-RegisterExecutionPolicyException /var/folders/nd/ks11whcs64b4nsy5xpjvj7540000gn/T/ynx-music-apple-native-pQfTnk/YNXMusic/Build/Products/Debug-iphonesimulator/YNXMusic.app

Validate /var/folders/nd/ks11whcs64b4nsy5xpjvj7540000gn/T/ynx-music-apple-native-pQfTnk/YNXMusic/Build/Products/Debug-iphonesimulator/YNXMusic.app (in target 'YNXMusic' from project 'YNXMusic')
    cd /Users/huangjiahao/Desktop/YNX\ Audit\ Worktrees/20260906-video/apps/music/ios
    builtin-validationUtility /var/folders/nd/ks11whcs64b4nsy5xpjvj7540000gn/T/ynx-music-apple-native-pQfTnk/YNXMusic/Build/Products/Debug-iphonesimulator/YNXMusic.app -shallow-bundle -infoplist-subpath Info.plist

Touch /var/folders/nd/ks11whcs64b4nsy5xpjvj7540000gn/T/ynx-music-apple-native-pQfTnk/YNXMusic/Build/Products/Debug-iphonesimulator/YNXMusic.app (in target 'YNXMusic' from project 'YNXMusic')
    cd /Users/huangjiahao/Desktop/YNX\ Audit\ Worktrees/20260906-video/apps/music/ios
    /usr/bin/touch -c /var/folders/nd/ks11whcs64b4nsy5xpjvj7540000gn/T/ynx-music-apple-native-pQfTnk/YNXMusic/Build/Products/Debug-iphonesimulator/YNXMusic.app

PruneExplicitPrecompiledModules /var/folders/nd/ks11whcs64b4nsy5xpjvj7540000gn/T/ynx-music-apple-native-pQfTnk/YNXMusic/Build/Intermediates.noindex/SwiftExplicitPrecompiledModules

PruneExplicitPrecompiledModules /var/folders/nd/ks11whcs64b4nsy5xpjvj7540000gn/T/ynx-music-apple-native-pQfTnk/YNXMusic/SDKExplicitPrecompiledModules

PruneExplicitPrecompiledModules /var/folders/nd/ks11whcs64b4nsy5xpjvj7540000gn/T/ynx-music-apple-native-pQfTnk/YNXMusic/Build/Intermediates.noindex/ExplicitPrecompiledModules

** BUILD SUCCEEDED **

